Time(Iteration),CascadeUCB-V-Attack,CascadeUCB1-Attack,CascadeKLUCB-Attack
0,0,0,0
1,0,0,0
2,0,0,0
3,0,0,0
4,0,0,0
5,0,0,0
6,0,0,0
7,0,0,0
8,0,0,0
9,0,0,0
10,0,0,0
11,0,0,0
12,0,0,0
13,0,0,0
14,0,0,0
15,0,0,0
16,0,0,0
17,0,0,0
18,0,0,0
19,0,0,0
20,0,0,0
21,0,0,0
22,0,0,0
23,0,0,0
24,0,0,0
25,0,0,0
26,0,0,0
27,0,0,0
28,0,0,0
29,0,0,0
30,0,0,0
31,0,0,0
32,0,0,0
33,0,0,0
34,0,0,0
35,0,0,0
36,0,0,0
37,0,0,0
38,0,0,0
39,0,0,0
40,0,0,0
41,0,0,0
42,0,0,0
43,0,0,0
44,0,0,0
45,0,0,0
46,0,0,0
47,0,0,0
48,0,0,0
49,0,0,0
50,0,0,0
51,0,0,0
52,0,0,0
53,0,0,0
54,0,0,0
55,0,0,0
56,0,0,0
57,0,0,0
58,0,0,0
59,0,0,0
60,0,0,0
61,0,0,0
62,0,0,1
63,0,0,1
64,0,0,1
65,0,0,1
66,0,0,1
67,0,0,1
68,0,0,1
69,0,0,1
70,0,0,1
71,0,0,1
72,0,0,1
73,0,0,1
74,0,0,1
75,0,0,1
76,0,0,1
77,0,0,1
78,0,0,1
79,0,0,1
80,0,0,1
81,0,0,1
82,0,0,1
83,0,0,1
84,0,0,1
85,0,0,1
86,0,0,1
87,0,0,1
88,0,0,1
89,0,0,1
90,0,0,1
91,0,0,1
92,0,0,1
93,0,0,1
94,0,0,1
95,0,0,1
96,0,0,1
97,0,0,1
98,0,0,1
99,0,0,1
100,0,0,1
101,0,0,1
102,0,0,1
103,0,0,1
104,0,0,1
105,0,0,1
106,0,0,1
107,0,0,1
108,0,0,1
109,0,0,1
110,0,0,1
111,0,0,1
112,0,0,1
113,0,0,1
114,0,0,1
115,0,0,1
116,0,0,1
117,0,0,1
118,0,0,1
119,0,0,1
120,0,0,1
121,0,0,1
122,0,0,1
123,0,0,1
124,0,0,1
125,0,0,1
126,0,0,1
127,0,0,1
128,0,0,1
129,0,0,1
130,0,0,1
131,0,0,1
132,0,0,1
133,0,0,1
134,0,0,1
135,0,0,1
136,0,0,1
137,0,0,1
138,0,0,1
139,0,0,1
140,0,0,1
141,0,0,1
142,0,0,1
143,0,0,1
144,0,0,1
145,0,0,1
146,0,0,1
147,0,0,1
148,0,0,1
149,0,0,2
150,0,0,2
151,0,0,2
152,0,0,2
153,0,0,2
154,0,0,2
155,0,0,2
156,0,0,2
157,0,0,2
158,0,0,2
159,0,0,2
160,0,0,2
161,0,0,2
162,0,0,2
163,0,0,2
164,0,0,2
165,0,0,2
166,0,0,2
167,0,0,2
168,0,0,2
169,0,0,2
170,0,0,3
171,0,0,3
172,0,0,3
173,0,0,3
174,0,0,3
175,0,0,3
176,0,0,3
177,0,0,3
178,0,0,3
179,0,0,3
180,0,0,3
181,0,0,3
182,0,0,3
183,0,0,3
184,0,0,3
185,0,0,3
186,0,0,3
187,0,0,3
188,0,0,3
189,0,0,3
190,0,0,3
191,0,0,3
192,0,0,3
193,0,0,3
194,0,0,3
195,0,0,3
196,0,0,3
197,0,0,3
198,0,0,3
199,0,0,3
200,0,0,3
201,0,0,3
202,0,0,3
203,0,0,3
204,0,0,3
205,0,0,3
206,0,0,3
207,0,0,3
208,0,0,3
209,0,0,3
210,0,0,3
211,0,0,4
212,0,0,5
213,0,0,6
214,0,0,7
215,0,0,8
216,0,0,8
217,0,0,8
218,0,0,8
219,0,0,8
220,0,0,8
221,0,0,8
222,0,0,8
223,0,0,8
224,0,0,8
225,0,0,8
226,0,0,8
227,0,0,8
228,0,0,8
229,0,0,8
230,0,0,8
231,0,0,8
232,0,0,8
233,0,0,8
234,0,0,8
235,0,0,8
236,0,0,8
237,0,0,8
238,0,0,8
239,0,0,8
240,0,0,8
241,0,0,8
242,0,0,8
243,0,0,8
244,0,0,8
245,0,0,8
246,0,0,8
247,0,0,8
248,0,0,8
249,0,0,8
250,0,0,8
251,0,0,8
252,0,0,8
253,0,0,8
254,0,0,8
255,0,0,8
256,0,0,8
257,0,0,8
258,0,0,8
259,0,0,8
260,0,0,8
261,0,0,8
262,0,0,8
263,0,0,8
264,0,0,8
265,0,0,8
266,0,0,8
267,0,0,8
268,0,0,8
269,0,0,8
270,0,0,8
271,0,0,8
272,0,0,8
273,0,0,8
274,0,0,8
275,0,0,8
276,0,0,8
277,0,0,8
278,0,0,8
279,0,0,8
280,0,0,8
281,0,0,8
282,0,0,8
283,0,0,8
284,0,0,8
285,0,0,8
286,0,0,8
287,0,0,8
288,0,0,8
289,0,0,8
290,0,0,8
291,0,0,8
292,0,0,8
293,0,0,8
294,0,0,8
295,0,0,8
296,0,0,8
297,0,0,8
298,0,0,8
299,0,0,8
300,0,0,8
301,0,0,8
302,0,0,8
303,0,0,8
304,0,0,8
305,0,0,8
306,0,0,8
307,0,0,8
308,0,0,8
309,0,0,8
310,0,0,8
311,0,0,8
312,0,0,8
313,0,0,8
314,0,0,8
315,0,0,8
316,0,0,8
317,0,0,8
318,0,0,8
319,0,0,8
320,0,0,8
321,0,0,8
322,0,0,8
323,0,0,8
324,0,0,8
325,0,0,8
326,0,0,8
327,0,0,8
328,0,0,8
329,0,0,8
330,0,0,8
331,0,0,8
332,0,0,8
333,0,0,8
334,0,0,8
335,0,0,8
336,0,0,8
337,0,0,8
338,0,0,8
339,0,0,8
340,0,0,8
341,0,0,8
342,0,0,8
343,0,0,8
344,0,0,8
345,0,0,8
346,0,0,8
347,0,0,8
348,0,0,8
349,0,0,8
350,0,0,8
351,0,0,8
352,0,0,8
353,0,0,8
354,0,0,8
355,0,0,8
356,0,0,8
357,0,0,8
358,0,0,8
359,0,0,8
360,0,0,9
361,0,0,10
362,0,0,10
363,0,0,10
364,0,0,10
365,0,0,10
366,0,0,10
367,0,0,10
368,0,0,10
369,0,0,10
370,0,0,10
371,0,0,10
372,0,0,10
373,0,0,10
374,0,0,10
375,0,0,10
376,0,0,10
377,0,0,10
378,0,0,10
379,0,0,10
380,0,0,10
381,0,0,10
382,0,0,10
383,0,0,10
384,0,0,10
385,0,0,10
386,0,0,10
387,0,0,10
388,0,0,10
389,0,0,10
390,0,0,10
391,0,0,10
392,0,0,10
393,0,0,10
394,0,0,10
395,0,0,10
396,0,0,10
397,0,0,10
398,0,0,10
399,0,0,10
400,0,0,10
401,0,0,10
402,0,0,10
403,0,0,10
404,0,0,10
405,0,0,10
406,0,0,10
407,0,0,10
408,0,0,10
409,0,0,10
410,0,0,10
411,0,0,10
412,0,0,10
413,0,0,10
414,0,0,10
415,0,0,10
416,0,0,10
417,0,0,10
418,0,0,10
419,0,0,10
420,0,0,10
421,0,0,10
422,0,0,10
423,0,0,10
424,0,0,10
425,0,0,10
426,0,0,10
427,0,0,10
428,0,0,10
429,0,0,10
430,0,0,10
431,0,0,10
432,0,0,10
433,0,0,10
434,0,0,10
435,0,0,10
436,0,0,10
437,0,0,10
438,0,0,10
439,0,0,10
440,0,0,10
441,0,0,10
442,0,0,10
443,0,0,10
444,0,0,10
445,0,0,10
446,0,0,10
447,0,0,10
448,0,0,10
449,0,0,10
450,0,0,10
451,0,0,10
452,0,0,10
453,0,0,10
454,0,0,10
455,0,0,10
456,0,0,10
457,0,0,10
458,0,0,10
459,0,0,10
460,0,0,10
461,0,0,10
462,0,0,10
463,0,0,10
464,0,0,10
465,0,0,10
466,0,0,10
467,0,0,10
468,0,0,10
469,0,0,10
470,0,0,10
471,0,0,10
472,0,0,10
473,0,0,10
474,0,0,10
475,0,0,10
476,0,0,10
477,0,0,10
478,0,0,10
479,0,0,10
480,0,0,10
481,0,0,10
482,0,0,10
483,0,0,10
484,0,0,10
485,0,0,10
486,0,0,11
487,0,0,11
488,0,0,11
489,0,0,11
490,0,0,11
491,0,0,11
492,0,0,11
493,0,0,11
494,0,0,11
495,0,0,11
496,0,0,11
497,0,0,11
498,0,0,11
499,0,0,11
500,0,0,11
501,0,0,11
502,0,0,11
503,0,0,11
504,0,0,11
505,0,0,11
506,0,0,11
507,0,0,11
508,0,0,11
509,0,0,11
510,0,0,11
511,0,0,11
512,0,0,11
513,0,0,11
514,0,0,11
515,0,0,11
516,0,0,11
517,0,0,11
518,0,0,11
519,0,0,11
520,0,0,11
521,0,0,11
522,0,0,11
523,0,0,11
524,0,0,11
525,0,0,11
526,0,0,11
527,0,0,11
528,0,0,11
529,0,0,11
530,0,0,11
531,0,0,11
532,0,0,11
533,0,0,11
534,0,0,11
535,0,0,11
536,0,0,11
537,0,0,11
538,0,0,11
539,0,0,11
540,0,0,11
541,0,0,11
542,0,0,11
543,0,0,11
544,0,0,11
545,0,0,11
546,0,0,11
547,0,0,11
548,0,0,11
549,0,0,11
550,0,0,11
551,0,0,11
552,0,0,11
553,0,0,11
554,0,0,11
555,0,0,11
556,0,0,11
557,0,0,11
558,0,0,11
559,0,0,11
560,0,0,11
561,0,0,11
562,0,0,11
563,0,0,11
564,0,0,11
565,0,0,11
566,0,0,11
567,0,0,11
568,0,0,11
569,0,0,11
570,0,0,11
571,0,0,11
572,0,0,11
573,0,0,11
574,0,0,11
575,0,0,11
576,0,0,11
577,0,0,11
578,0,0,11
579,0,0,11
580,0,0,11
581,0,0,11
582,0,0,11
583,0,0,11
584,0,0,11
585,0,0,11
586,0,0,11
587,0,0,11
588,0,0,11
589,0,0,11
590,0,0,11
591,0,0,11
592,0,0,11
593,0,0,11
594,0,0,11
595,0,0,11
596,0,0,11
597,0,0,11
598,0,0,11
599,0,0,11
600,0,0,11
601,0,0,11
602,0,0,11
603,0,0,11
604,0,0,11
605,0,0,11
606,0,0,11
607,0,0,11
608,0,0,11
609,0,0,11
610,0,0,11
611,0,0,11
612,0,0,11
613,0,0,11
614,0,0,11
615,0,0,11
616,0,0,11
617,0,0,11
618,0,0,11
619,0,0,11
620,0,0,11
621,0,0,11
622,0,0,11
623,0,0,11
624,0,0,11
625,0,0,11
626,0,0,11
627,0,0,11
628,0,0,11
629,0,0,11
630,0,0,11
631,0,0,11
632,0,0,11
633,0,0,11
634,0,0,11
635,0,0,11
636,0,0,11
637,0,0,11
638,0,0,11
639,0,0,11
640,0,0,11
641,0,0,11
642,0,0,11
643,0,0,11
644,0,0,11
645,0,0,11
646,0,0,11
647,0,0,11
648,0,0,11
649,0,0,11
650,0,0,11
651,0,0,11
652,0,0,11
653,0,0,11
654,0,0,11
655,0,0,11
656,0,0,11
657,0,0,11
658,0,0,11
659,0,0,11
660,0,0,11
661,0,0,12
662,0,0,13
663,0,0,14
664,0,0,14
665,0,0,14
666,0,0,14
667,0,0,14
668,0,0,14
669,0,0,14
670,0,0,14
671,0,0,14
672,0,0,14
673,0,0,14
674,0,0,14
675,0,0,14
676,0,0,14
677,0,0,14
678,0,0,15
679,0,0,16
680,0,0,16
681,0,0,16
682,0,0,16
683,0,0,16
684,0,0,16
685,0,0,16
686,0,0,16
687,0,0,16
688,0,0,16
689,0,0,16
690,0,0,16
691,0,0,16
692,0,0,16
693,0,0,16
694,0,0,16
695,0,0,16
696,0,0,16
697,0,0,16
698,0,0,16
699,0,0,16
700,0,0,16
701,0,0,16
702,0,0,16
703,0,0,16
704,0,0,16
705,0,0,16
706,0,0,16
707,0,0,16
708,0,0,16
709,0,0,16
710,0,0,16
711,0,0,16
712,0,0,16
713,0,0,16
714,0,0,16
715,0,0,16
716,0,0,16
717,0,0,16
718,0,0,16
719,0,0,16
720,0,0,16
721,0,0,16
722,0,0,16
723,0,0,16
724,0,0,16
725,0,0,16
726,0,0,16
727,0,0,16
728,0,0,16
729,0,0,16
730,0,0,16
731,0,0,16
732,0,0,16
733,0,0,16
734,0,0,16
735,0,0,16
736,0,0,16
737,0,0,16
738,0,0,16
739,0,0,16
740,0,0,16
741,0,0,16
742,0,0,16
743,0,0,16
744,0,0,16
745,0,0,16
746,0,0,16
747,0,0,17
748,0,0,17
749,0,0,17
750,0,0,17
751,0,0,17
752,0,0,17
753,0,0,17
754,0,0,17
755,0,0,17
756,0,0,17
757,0,0,17
758,0,0,17
759,0,0,17
760,0,0,17
761,0,0,17
762,0,0,17
763,0,0,17
764,0,0,17
765,0,0,17
766,0,0,17
767,0,0,17
768,0,0,17
769,0,0,17
770,0,0,17
771,0,0,17
772,0,0,17
773,0,0,17
774,0,0,17
775,0,0,17
776,0,0,17
777,0,0,17
778,0,0,17
779,0,0,17
780,0,0,17
781,0,0,17
782,0,0,17
783,0,0,17
784,0,0,17
785,0,0,17
786,0,0,17
787,0,0,17
788,0,0,17
789,0,0,17
790,0,0,17
791,0,0,17
792,0,0,17
793,0,0,17
794,0,0,17
795,0,0,17
796,0,0,17
797,0,0,17
798,0,0,17
799,0,0,17
800,0,0,17
801,0,0,17
802,0,0,17
803,0,0,17
804,0,0,17
805,0,0,17
806,0,0,17
807,0,0,17
808,0,0,17
809,0,0,17
810,0,0,17
811,0,0,17
812,0,0,17
813,0,0,17
814,0,0,17
815,0,0,17
816,0,0,17
817,0,0,17
818,0,0,17
819,0,0,17
820,0,0,17
821,0,0,17
822,0,0,17
823,0,0,17
824,0,0,17
825,0,0,17
826,0,0,17
827,0,0,17
828,0,0,17
829,0,0,17
830,0,0,17
831,0,0,17
832,0,0,17
833,0,0,17
834,0,0,17
835,0,0,17
836,0,0,17
837,0,0,17
838,0,0,17
839,0,0,17
840,0,0,17
841,0,0,17
842,0,0,17
843,0,0,17
844,0,0,17
845,0,0,17
846,0,0,17
847,0,0,17
848,0,0,17
849,0,0,17
850,0,0,17
851,0,0,17
852,0,0,17
853,0,0,17
854,0,0,17
855,0,0,17
856,0,0,17
857,0,0,17
858,0,0,17
859,0,0,17
860,0,0,17
861,0,0,17
862,0,0,17
863,0,0,17
864,0,0,17
865,0,0,17
866,0,0,17
867,0,0,17
868,0,0,17
869,0,0,17
870,0,0,17
871,0,0,17
872,0,0,17
873,0,0,17
874,0,0,17
875,0,0,17
876,0,0,17
877,0,0,17
878,0,0,17
879,0,0,17
880,0,0,17
881,0,0,17
882,0,0,18
883,0,0,18
884,0,0,18
885,0,0,18
886,0,0,18
887,0,0,18
888,0,0,18
889,0,0,18
890,0,0,18
891,0,0,18
892,0,0,18
893,0,0,18
894,0,0,18
895,0,0,18
896,0,0,18
897,0,0,18
898,0,0,18
899,0,0,18
900,0,0,18
901,0,0,18
902,0,0,18
903,0,0,18
904,0,0,18
905,0,0,18
906,0,0,18
907,0,0,18
908,0,0,18
909,0,0,18
910,0,0,18
911,0,0,18
912,0,0,18
913,0,0,18
914,0,0,18
915,0,0,18
916,0,0,18
917,0,0,18
918,0,0,18
919,0,0,18
920,0,0,18
921,0,0,18
922,0,0,18
923,0,0,18
924,0,0,18
925,0,0,18
926,0,0,18
927,0,0,18
928,0,0,18
929,0,0,18
930,0,0,18
931,0,0,18
932,0,0,18
933,0,0,18
934,0,0,18
935,0,0,18
936,0,0,18
937,0,0,18
938,0,0,18
939,0,0,18
940,0,0,18
941,0,0,18
942,0,0,18
943,0,0,18
944,0,0,18
945,0,0,18
946,0,0,18
947,0,0,18
948,0,0,18
949,0,0,18
950,0,0,18
951,0,0,18
952,0,0,18
953,0,0,18
954,0,0,18
955,0,0,18
956,0,0,18
957,0,0,18
958,0,0,18
959,0,0,18
960,0,0,18
961,0,0,18
962,0,0,18
963,0,0,18
964,0,0,18
965,0,0,18
966,0,0,18
967,0,0,18
968,0,0,18
969,0,0,18
970,0,0,18
971,0,0,18
972,0,0,18
973,0,0,18
974,0,0,18
975,0,0,18
976,0,0,18
977,0,0,18
978,0,0,18
979,0,0,18
980,0,0,18
981,0,0,18
982,0,0,18
983,0,0,18
984,0,0,18
985,0,0,18
986,0,0,18
987,0,0,18
988,0,0,18
989,0,0,18
990,0,0,18
991,0,0,18
992,0,0,18
993,0,0,18
994,0,0,18
995,0,0,18
996,0,0,18
997,0,0,18
998,0,0,18
999,0,0,18
1000,0,0,18
1001,0,0,18
1002,0,0,18
1003,0,0,18
1004,0,0,18
1005,0,0,18
1006,0,0,18
1007,0,0,18
1008,0,0,18
1009,0,0,18
1010,0,0,18
1011,0,0,18
1012,0,0,18
1013,0,0,18
1014,0,0,18
1015,0,0,18
1016,0,0,18
1017,0,0,18
1018,0,0,18
1019,0,0,18
1020,0,0,18
1021,0,0,18
1022,0,0,18
1023,0,0,18
1024,0,0,18
1025,0,0,18
1026,0,0,18
1027,0,0,18
1028,0,0,18
1029,0,0,18
1030,0,0,18
1031,0,0,18
1032,0,0,18
1033,0,0,18
1034,0,0,18
1035,0,0,18
1036,0,0,18
1037,0,0,18
1038,0,0,18
1039,0,0,19
1040,0,0,20
1041,0,0,20
1042,0,0,20
1043,0,0,20
1044,0,0,20
1045,0,0,20
1046,0,0,20
1047,0,0,20
1048,0,0,20
1049,0,0,20
1050,0,0,20
1051,0,0,20
1052,0,0,20
1053,0,0,20
1054,0,0,20
1055,0,0,20
1056,0,0,20
1057,0,0,20
1058,0,0,20
1059,0,0,20
1060,0,0,20
1061,0,0,20
1062,0,0,20
1063,0,0,20
1064,0,0,20
1065,0,0,20
1066,0,0,20
1067,0,0,20
1068,0,0,20
1069,0,0,20
1070,0,0,20
1071,0,0,20
1072,0,0,20
1073,0,0,20
1074,0,0,20
1075,0,0,20
1076,0,0,20
1077,0,0,20
1078,0,0,20
1079,0,0,20
1080,0,0,20
1081,0,0,20
1082,0,0,20
1083,0,0,20
1084,0,0,20
1085,0,0,20
1086,0,0,20
1087,0,0,20
1088,0,0,20
1089,0,0,20
1090,0,0,20
1091,0,0,20
1092,0,0,20
1093,0,0,21
1094,0,0,21
1095,0,0,21
1096,0,0,21
1097,0,0,21
1098,0,0,21
1099,0,0,21
1100,0,0,21
1101,0,0,21
1102,0,0,21
1103,0,0,21
1104,0,0,21
1105,0,0,21
1106,0,0,21
1107,0,0,21
1108,0,0,21
1109,0,0,21
1110,0,0,21
1111,0,0,21
1112,0,0,21
1113,0,0,21
1114,0,0,21
1115,0,0,21
1116,0,0,21
1117,0,0,21
1118,0,0,21
1119,0,0,21
1120,0,0,21
1121,0,0,21
1122,0,0,21
1123,0,0,21
1124,0,0,21
1125,0,0,22
1126,0,0,23
1127,0,0,24
1128,0,0,24
1129,0,0,24
1130,0,0,24
1131,0,0,24
1132,0,0,24
1133,0,0,24
1134,0,0,24
1135,0,0,24
1136,0,0,24
1137,0,0,24
1138,0,0,24
1139,0,0,24
1140,0,0,24
1141,0,0,24
1142,0,0,24
1143,0,0,24
1144,0,0,24
1145,0,0,24
1146,0,0,24
1147,0,0,24
1148,0,0,24
1149,0,0,24
1150,0,0,24
1151,0,0,24
1152,0,0,24
1153,0,0,24
1154,0,0,24
1155,0,0,24
1156,0,0,24
1157,0,0,24
1158,0,0,24
1159,0,0,24
1160,0,0,24
1161,0,0,24
1162,0,0,24
1163,0,0,24
1164,0,0,24
1165,0,0,24
1166,0,0,24
1167,0,0,24
1168,0,0,24
1169,0,0,24
1170,0,0,24
1171,0,0,24
1172,0,0,24
1173,0,0,24
1174,0,0,24
1175,0,0,24
1176,0,0,24
1177,0,0,24
1178,0,0,25
1179,0,0,26
1180,0,0,26
1181,0,0,26
1182,0,0,26
1183,0,0,26
1184,0,0,26
1185,0,0,26
1186,0,0,26
1187,0,0,26
1188,0,0,26
1189,0,0,26
1190,0,0,26
1191,0,0,26
1192,0,0,26
1193,0,0,26
1194,0,0,26
1195,0,0,26
1196,0,0,26
1197,0,0,26
1198,0,0,26
1199,0,0,26
1200,0,0,26
1201,0,0,26
1202,0,0,26
1203,0,0,26
1204,0,0,26
1205,0,0,26
1206,0,0,26
1207,0,0,26
1208,0,0,26
1209,0,0,26
1210,0,0,26
1211,0,0,26
1212,0,0,26
1213,0,0,26
1214,0,0,26
1215,0,0,26
1216,0,0,26
1217,0,0,26
1218,0,0,26
1219,0,0,26
1220,0,0,26
1221,0,0,26
1222,0,0,26
1223,0,0,26
1224,0,0,26
1225,0,0,26
1226,0,0,26
1227,0,0,26
1228,0,0,26
1229,0,0,26
1230,0,0,26
1231,0,0,26
1232,0,0,26
1233,0,0,26
1234,0,0,26
1235,0,0,26
1236,0,0,26
1237,0,0,26
1238,0,0,26
1239,0,0,26
1240,0,0,26
1241,0,0,26
1242,0,0,26
1243,0,0,26
1244,0,0,26
1245,0,0,26
1246,0,0,26
1247,0,0,26
1248,0,0,26
1249,0,0,26
1250,0,0,26
1251,0,0,26
1252,0,0,26
1253,0,0,26
1254,0,0,26
1255,0,0,26
1256,0,0,26
1257,0,0,26
1258,0,0,26
1259,0,0,26
1260,0,0,26
1261,0,0,26
1262,0,0,26
1263,0,0,26
1264,0,0,26
1265,0,0,26
1266,0,0,26
1267,0,0,26
1268,0,0,26
1269,0,0,26
1270,0,0,26
1271,0,0,26
1272,0,0,26
1273,0,0,26
1274,0,0,26
1275,0,0,26
1276,0,0,26
1277,0,0,26
1278,0,0,26
1279,0,0,26
1280,0,0,26
1281,0,0,26
1282,0,0,26
1283,0,0,26
1284,0,0,26
1285,0,0,26
1286,0,0,26
1287,0,0,26
1288,0,0,26
1289,0,0,26
1290,0,0,26
1291,0,0,26
1292,0,0,26
1293,0,0,26
1294,0,0,26
1295,0,0,26
1296,0,0,26
1297,0,0,26
1298,0,0,26
1299,0,0,26
1300,0,0,26
1301,0,0,26
1302,0,0,26
1303,0,0,26
1304,0,0,26
1305,0,0,26
1306,0,0,26
1307,0,0,26
1308,0,0,26
1309,0,0,26
1310,0,0,26
1311,0,0,26
1312,0,0,26
1313,0,0,26
1314,0,0,26
1315,0,0,26
1316,0,0,26
1317,0,0,26
1318,0,0,26
1319,0,0,26
1320,0,0,26
1321,0,0,26
1322,0,0,26
1323,0,0,26
1324,0,0,26
1325,0,0,26
1326,0,0,26
1327,0,0,26
1328,0,0,26
1329,0,0,26
1330,0,0,26
1331,0,0,26
1332,0,0,26
1333,0,0,26
1334,0,0,26
1335,0,0,26
1336,0,0,26
1337,0,0,26
1338,0,0,26
1339,0,0,26
1340,0,0,26
1341,0,0,26
1342,0,0,26
1343,0,0,26
1344,0,0,26
1345,0,0,26
1346,0,0,26
1347,0,0,26
1348,0,0,26
1349,0,0,26
1350,0,0,26
1351,0,0,26
1352,0,0,26
1353,0,0,26
1354,0,0,26
1355,0,0,26
1356,0,0,26
1357,0,0,26
1358,0,0,26
1359,0,0,26
1360,0,0,26
1361,0,0,26
1362,0,0,26
1363,0,0,26
1364,0,0,26
1365,0,0,26
1366,0,0,26
1367,0,0,26
1368,0,0,26
1369,0,0,26
1370,0,0,26
1371,0,0,26
1372,0,0,26
1373,0,0,26
1374,0,0,26
1375,0,0,26
1376,0,0,26
1377,0,0,26
1378,0,0,26
1379,0,0,26
1380,0,0,26
1381,0,0,26
1382,0,0,26
1383,0,0,26
1384,0,0,26
1385,0,0,26
1386,0,0,26
1387,0,0,26
1388,0,0,26
1389,0,0,26
1390,0,0,26
1391,0,0,26
1392,0,0,26
1393,0,0,26
1394,0,0,26
1395,0,0,26
1396,0,0,26
1397,0,0,26
1398,0,0,26
1399,0,0,26
1400,0,0,26
1401,0,0,26
1402,0,0,26
1403,0,0,26
1404,0,0,26
1405,0,0,26
1406,0,0,26
1407,0,0,26
1408,0,0,26
1409,0,0,26
1410,0,0,26
1411,0,0,26
1412,0,0,26
1413,0,0,26
1414,0,0,26
1415,0,0,26
1416,0,0,26
1417,0,0,26
1418,0,0,26
1419,0,0,26
1420,0,0,26
1421,0,0,26
1422,0,0,26
1423,0,0,26
1424,0,0,26
1425,0,0,26
1426,0,0,26
1427,0,0,26
1428,0,0,26
1429,0,0,26
1430,0,0,26
1431,0,0,26
1432,0,0,26
1433,0,0,26
1434,0,0,26
1435,0,0,26
1436,0,0,26
1437,0,0,26
1438,0,0,26
1439,0,0,26
1440,0,0,26
1441,0,0,26
1442,0,0,26
1443,0,0,26
1444,0,0,26
1445,0,0,26
1446,0,0,26
1447,0,0,26
1448,0,0,26
1449,0,0,26
1450,0,0,26
1451,0,0,26
1452,0,0,26
1453,0,0,26
1454,0,0,26
1455,0,0,26
1456,0,0,26
1457,0,0,26
1458,0,0,26
1459,0,0,26
1460,0,0,26
1461,0,0,26
1462,0,0,26
1463,0,0,26
1464,0,0,26
1465,0,0,26
1466,0,0,27
1467,0,0,27
1468,0,0,27
1469,0,0,27
1470,0,0,27
1471,0,0,27
1472,0,0,27
1473,0,0,27
1474,0,0,27
1475,0,0,27
1476,0,0,27
1477,0,0,27
1478,0,0,27
1479,0,0,27
1480,0,0,27
1481,0,0,27
1482,0,0,27
1483,0,0,27
1484,0,0,27
1485,0,0,27
1486,0,0,27
1487,0,0,27
1488,0,0,27
1489,0,0,27
1490,0,0,27
1491,0,0,27
1492,0,0,27
1493,0,0,27
1494,0,0,27
1495,0,0,27
1496,0,0,27
1497,0,0,27
1498,0,0,27
1499,0,0,27
1500,0,0,27
1501,0,0,27
1502,0,0,27
1503,0,0,27
1504,0,0,27
1505,0,0,27
1506,0,0,27
1507,0,0,27
1508,0,0,27
1509,0,0,27
1510,0,0,27
1511,0,0,27
1512,0,0,27
1513,0,0,27
1514,0,0,27
1515,0,0,27
1516,0,0,27
1517,0,0,27
1518,0,0,27
1519,0,0,27
1520,0,0,27
1521,0,0,27
1522,0,0,27
1523,0,0,27
1524,0,0,27
1525,0,0,27
1526,0,0,27
1527,0,0,27
1528,0,0,27
1529,0,0,27
1530,0,0,27
1531,0,0,27
1532,0,0,27
1533,0,0,27
1534,0,0,27
1535,0,0,27
1536,0,0,27
1537,0,0,27
1538,0,0,27
1539,0,0,27
1540,0,0,27
1541,0,0,27
1542,0,0,27
1543,0,0,27
1544,0,0,27
1545,0,0,27
1546,0,0,27
1547,0,0,27
1548,0,0,27
1549,0,0,27
1550,0,0,27
1551,0,0,27
1552,0,0,27
1553,0,0,27
1554,0,0,27
1555,0,0,27
1556,0,0,27
1557,0,0,27
1558,0,0,27
1559,0,0,27
1560,0,0,27
1561,0,0,27
1562,0,0,27
1563,0,0,27
1564,0,0,27
1565,0,0,27
1566,0,0,27
1567,0,0,27
1568,0,0,27
1569,0,0,27
1570,0,0,27
1571,0,0,27
1572,0,0,27
1573,0,0,27
1574,0,0,27
1575,0,0,27
1576,0,0,27
1577,0,0,27
1578,0,0,27
1579,0,0,27
1580,0,0,27
1581,0,0,27
1582,0,0,27
1583,0,0,27
1584,0,0,27
1585,0,0,27
1586,0,0,27
1587,0,0,27
1588,0,0,27
1589,0,0,27
1590,0,0,27
1591,0,0,27
1592,0,0,27
1593,0,0,27
1594,0,0,27
1595,0,0,27
1596,0,0,27
1597,0,0,27
1598,0,0,27
1599,0,0,27
1600,0,0,27
1601,0,0,27
1602,0,0,27
1603,0,0,27
1604,0,0,27
1605,0,0,27
1606,0,0,27
1607,0,0,27
1608,0,0,27
1609,0,0,27
1610,0,0,27
1611,0,0,27
1612,0,0,27
1613,0,0,27
1614,0,0,27
1615,0,0,27
1616,0,0,27
1617,0,0,27
1618,0,0,27
1619,0,0,27
1620,0,0,27
1621,0,0,27
1622,0,0,27
1623,0,0,27
1624,0,0,27
1625,0,0,27
1626,0,0,27
1627,0,0,27
1628,0,0,27
1629,0,0,27
1630,0,0,27
1631,0,0,27
1632,0,0,27
1633,0,0,27
1634,0,0,27
1635,0,0,27
1636,0,0,27
1637,0,0,27
1638,0,0,27
1639,0,0,27
1640,0,0,27
1641,0,0,27
1642,0,0,27
1643,0,0,27
1644,0,0,27
1645,0,0,27
1646,0,0,27
1647,0,0,27
1648,0,0,27
1649,0,0,27
1650,0,0,27
1651,0,0,27
1652,0,0,27
1653,0,0,27
1654,0,0,27
1655,0,0,27
1656,0,0,27
1657,0,0,27
1658,0,0,27
1659,0,0,27
1660,0,0,27
1661,0,0,27
1662,0,0,27
1663,0,0,27
1664,0,0,27
1665,0,0,27
1666,0,0,27
1667,0,0,27
1668,0,0,27
1669,0,0,27
1670,0,0,27
1671,0,0,27
1672,0,0,27
1673,0,0,27
1674,0,0,27
1675,0,0,27
1676,0,0,27
1677,0,0,27
1678,0,0,27
1679,0,0,27
1680,0,0,27
1681,0,0,27
1682,0,0,27
1683,0,0,27
1684,0,0,27
1685,0,0,27
1686,0,0,27
1687,0,0,27
1688,0,0,27
1689,0,0,27
1690,0,0,27
1691,0,0,27
1692,0,0,27
1693,0,0,27
1694,0,0,27
1695,0,0,27
1696,0,0,27
1697,0,0,27
1698,0,0,27
1699,0,0,27
1700,0,0,27
1701,0,0,27
1702,0,0,27
1703,0,0,27
1704,0,0,27
1705,0,0,27
1706,0,0,27
1707,0,0,27
1708,0,0,27
1709,0,0,27
1710,0,0,27
1711,0,0,27
1712,0,0,27
1713,0,0,27
1714,0,0,27
1715,0,0,27
1716,0,0,27
1717,0,0,27
1718,0,0,27
1719,0,0,27
1720,0,0,27
1721,0,0,27
1722,0,0,27
1723,0,0,27
1724,0,0,27
1725,0,0,27
1726,0,0,27
1727,0,0,27
1728,0,0,27
1729,0,0,27
1730,0,0,27
1731,0,0,27
1732,0,0,27
1733,0,0,27
1734,0,0,27
1735,0,0,27
1736,0,0,27
1737,0,0,27
1738,0,0,27
1739,0,0,27
1740,0,0,27
1741,0,0,27
1742,0,0,27
1743,0,0,27
1744,0,0,27
1745,0,0,27
1746,0,0,28
1747,0,0,28
1748,0,0,28
1749,0,0,28
1750,0,0,28
1751,0,0,28
1752,0,0,28
1753,0,0,28
1754,0,0,28
1755,0,0,28
1756,0,0,28
1757,0,0,28
1758,0,0,28
1759,0,0,28
1760,0,0,28
1761,0,0,28
1762,0,0,28
1763,0,0,28
1764,0,0,28
1765,0,0,28
1766,0,0,28
1767,0,0,28
1768,0,0,28
1769,0,0,28
1770,0,0,28
1771,0,0,28
1772,0,0,28
1773,0,0,28
1774,0,0,28
1775,0,0,28
1776,0,0,28
1777,0,0,28
1778,0,0,28
1779,0,0,28
1780,0,0,28
1781,0,0,28
1782,0,0,28
1783,0,0,28
1784,0,0,28
1785,0,0,28
1786,0,0,28
1787,0,0,28
1788,0,0,28
1789,0,0,28
1790,0,0,28
1791,0,0,28
1792,0,0,28
1793,0,0,28
1794,0,0,28
1795,0,0,28
1796,0,0,28
1797,0,0,28
1798,0,0,28
1799,0,0,28
1800,0,0,28
1801,0,0,28
1802,0,0,28
1803,0,0,28
1804,0,0,28
1805,0,0,28
1806,0,0,29
1807,0,0,29
1808,0,0,29
1809,0,0,29
1810,0,0,29
1811,0,0,29
1812,0,0,29
1813,0,0,29
1814,0,0,29
1815,0,0,29
1816,0,0,29
1817,0,0,29
1818,0,0,29
1819,0,0,29
1820,0,0,29
1821,0,0,29
1822,0,0,29
1823,0,0,29
1824,0,0,29
1825,0,0,29
1826,0,0,29
1827,0,0,29
1828,0,0,29
1829,0,0,29
1830,0,0,29
1831,0,0,29
1832,0,0,29
1833,0,0,29
1834,0,0,29
1835,0,0,29
1836,0,0,29
1837,0,0,29
1838,0,0,29
1839,0,0,29
1840,0,0,29
1841,0,0,29
1842,0,0,29
1843,0,0,29
1844,0,0,29
1845,0,0,29
1846,0,0,29
1847,0,0,29
1848,0,0,29
1849,0,0,29
1850,0,0,29
1851,0,0,29
1852,0,0,29
1853,0,0,29
1854,0,0,29
1855,0,0,29
1856,0,0,29
1857,0,0,29
1858,0,0,29
1859,0,0,29
1860,0,0,29
1861,0,0,29
1862,0,0,29
1863,0,0,29
1864,0,0,29
1865,0,0,29
1866,0,0,29
1867,0,0,29
1868,0,0,29
1869,0,0,29
1870,0,0,29
1871,0,0,29
1872,0,0,29
1873,0,0,29
1874,0,0,29
1875,0,0,29
1876,0,0,29
1877,0,0,29
1878,0,0,29
1879,0,0,29
1880,0,0,29
1881,0,0,29
1882,0,0,29
1883,0,0,29
1884,0,0,29
1885,0,0,29
1886,0,0,29
1887,0,0,29
1888,0,0,29
1889,0,0,29
1890,0,0,29
1891,0,0,29
1892,0,0,29
1893,0,0,29
1894,0,0,29
1895,0,0,29
1896,0,0,29
1897,0,0,29
1898,0,0,29
1899,0,0,29
1900,0,0,29
1901,0,0,29
1902,0,0,29
1903,0,0,29
1904,0,0,29
1905,0,0,29
1906,0,0,29
1907,0,0,29
1908,0,0,29
1909,0,0,29
1910,0,0,29
1911,0,0,29
1912,0,0,29
1913,0,0,29
1914,0,0,29
1915,0,0,29
1916,0,0,29
1917,0,0,29
1918,0,0,29
1919,0,0,29
1920,0,0,29
1921,0,0,29
1922,0,0,29
1923,0,0,29
1924,0,0,29
1925,0,0,29
1926,0,0,29
1927,0,0,29
1928,0,0,29
1929,0,0,29
1930,0,0,29
1931,0,0,29
1932,0,0,29
1933,0,0,29
1934,0,0,29
1935,0,0,29
1936,0,0,29
1937,0,0,29
1938,0,0,29
1939,0,0,29
1940,0,0,29
1941,0,0,29
1942,0,0,29
1943,0,0,29
1944,0,0,29
1945,0,0,29
1946,0,0,29
1947,0,0,29
1948,0,0,29
1949,0,0,29
1950,0,0,29
1951,0,0,29
1952,0,0,29
1953,0,0,29
1954,0,0,29
1955,0,0,29
1956,0,0,29
1957,0,0,29
1958,0,0,29
1959,0,0,29
1960,0,0,29
1961,0,0,29
1962,0,0,29
1963,0,0,29
1964,0,0,29
1965,0,0,29
1966,0,0,29
1967,0,0,29
1968,0,0,29
1969,0,0,29
1970,0,0,29
1971,0,0,29
1972,0,0,29
1973,0,0,29
1974,0,0,29
1975,0,0,29
1976,0,0,29
1977,0,0,29
1978,0,0,29
1979,0,0,29
1980,0,0,29
1981,0,0,29
1982,0,0,29
1983,0,0,29
1984,0,0,29
1985,0,0,29
1986,0,0,29
1987,0,0,29
1988,0,0,29
1989,0,0,29
1990,0,0,29
1991,0,0,29
1992,0,0,29
1993,0,0,29
1994,0,0,29
1995,0,0,29
1996,0,0,29
1997,0,0,29
1998,0,0,29
1999,0,0,29
2000,0,0,29
2001,0,0,29
2002,0,0,29
2003,0,0,29
2004,0,0,29
2005,0,0,29
2006,0,0,29
2007,0,0,29
2008,0,0,29
2009,0,0,29
2010,0,0,29
2011,0,0,29
2012,0,0,29
2013,0,0,29
2014,0,0,29
2015,0,0,29
2016,0,0,29
2017,0,0,29
2018,0,0,29
2019,0,0,29
2020,0,0,29
2021,0,0,29
2022,0,0,29
2023,0,0,29
2024,0,0,29
2025,0,0,29
2026,0,0,29
2027,0,0,29
2028,0,0,29
2029,0,0,29
2030,0,0,29
2031,0,0,29
2032,0,0,29
2033,0,0,29
2034,0,0,29
2035,0,0,29
2036,0,0,29
2037,0,0,29
2038,0,0,29
2039,0,0,29
2040,0,0,29
2041,0,0,29
2042,0,0,29
2043,0,0,29
2044,0,0,29
2045,0,0,29
2046,0,0,29
2047,0,0,29
2048,0,0,29
2049,0,0,29
2050,0,0,29
2051,0,0,29
2052,0,0,29
2053,0,0,29
2054,0,0,29
2055,0,0,29
2056,0,0,29
2057,0,0,29
2058,0,0,29
2059,0,0,29
2060,0,0,29
2061,0,0,29
2062,0,0,29
2063,0,0,29
2064,0,0,29
2065,0,0,29
2066,0,0,29
2067,0,0,29
2068,0,0,29
2069,0,0,29
2070,0,0,29
2071,0,0,29
2072,0,0,29
2073,0,0,29
2074,0,0,29
2075,0,0,29
2076,0,0,29
2077,0,0,29
2078,0,0,29
2079,0,0,29
2080,0,0,29
2081,0,0,29
2082,0,0,29
2083,0,0,29
2084,0,0,29
2085,0,0,29
2086,0,0,29
2087,0,0,29
2088,0,0,29
2089,0,0,29
2090,0,0,29
2091,0,0,29
2092,0,0,29
2093,0,0,29
2094,0,0,29
2095,0,0,29
2096,0,0,29
2097,0,0,29
2098,0,0,29
2099,0,0,29
2100,0,0,29
2101,0,0,29
2102,0,0,29
2103,0,0,29
2104,0,0,29
2105,0,0,29
2106,0,0,29
2107,0,0,29
2108,0,0,29
2109,0,0,29
2110,0,0,29
2111,0,0,29
2112,0,0,29
2113,0,0,29
2114,0,0,29
2115,0,0,29
2116,0,0,29
2117,0,0,29
2118,0,0,29
2119,0,0,29
2120,0,0,29
2121,0,0,29
2122,0,0,29
2123,0,0,29
2124,0,0,29
2125,0,0,29
2126,0,0,29
2127,0,0,29
2128,0,0,29
2129,0,0,29
2130,0,0,29
2131,0,0,29
2132,0,0,29
2133,0,0,29
2134,0,0,29
2135,0,0,29
2136,0,0,29
2137,0,0,29
2138,0,0,29
2139,0,0,29
2140,0,0,29
2141,0,0,29
2142,0,0,29
2143,0,0,29
2144,0,0,29
2145,0,0,29
2146,0,0,29
2147,0,0,29
2148,0,0,29
2149,0,0,29
2150,0,0,29
2151,0,0,29
2152,0,0,29
2153,0,0,29
2154,0,0,29
2155,0,0,29
2156,0,0,29
2157,0,0,29
2158,0,0,29
2159,0,0,29
2160,0,0,29
2161,0,0,29
2162,0,0,29
2163,0,0,29
2164,0,0,29
2165,0,0,29
2166,0,0,29
2167,0,0,29
2168,0,0,29
2169,0,0,29
2170,0,0,29
2171,0,0,29
2172,0,0,29
2173,0,0,29
2174,0,0,29
2175,0,0,29
2176,0,0,29
2177,0,0,29
2178,0,0,29
2179,0,0,29
2180,0,0,29
2181,0,0,29
2182,0,0,29
2183,0,0,29
2184,0,0,29
2185,0,0,29
2186,0,0,29
2187,0,0,29
2188,0,0,29
2189,0,0,29
2190,0,0,29
2191,0,0,29
2192,0,0,29
2193,0,0,29
2194,0,0,29
2195,0,0,29
2196,0,0,29
2197,0,0,29
2198,0,0,29
2199,0,0,29
2200,0,0,29
2201,0,0,29
2202,0,0,29
2203,0,0,29
2204,0,0,29
2205,0,0,29
2206,0,0,29
2207,0,0,29
2208,0,0,29
2209,0,0,29
2210,0,0,29
2211,0,0,29
2212,0,0,29
2213,0,0,29
2214,0,0,29
2215,0,0,29
2216,0,0,29
2217,0,0,29
2218,0,0,29
2219,0,0,29
2220,0,0,29
2221,0,0,29
2222,0,0,29
2223,0,0,29
2224,0,0,29
2225,0,0,29
2226,0,0,29
2227,0,0,29
2228,0,0,29
2229,0,0,29
2230,0,0,29
2231,0,0,29
2232,0,0,29
2233,0,0,29
2234,0,0,29
2235,0,0,29
2236,0,0,29
2237,0,0,29
2238,0,0,29
2239,0,0,29
2240,0,0,29
2241,0,0,29
2242,0,0,29
2243,0,0,29
2244,0,0,29
2245,0,0,29
2246,0,0,29
2247,0,0,29
2248,0,0,29
2249,0,0,29
2250,0,0,29
2251,0,0,29
2252,0,0,29
2253,0,0,30
2254,0,0,30
2255,0,0,30
2256,0,0,30
2257,0,0,30
2258,0,0,30
2259,0,0,30
2260,0,0,30
2261,0,0,30
2262,0,0,30
2263,0,0,30
2264,0,0,30
2265,0,0,30
2266,0,0,30
2267,0,0,30
2268,0,0,30
2269,0,0,30
2270,0,0,30
2271,0,0,30
2272,0,0,30
2273,0,0,30
2274,0,0,30
2275,0,0,30
2276,0,0,30
2277,0,0,30
2278,0,0,30
2279,0,0,30
2280,0,0,30
2281,0,0,30
2282,0,0,30
2283,0,0,30
2284,0,0,30
2285,0,0,30
2286,0,0,30
2287,0,0,30
2288,0,0,30
2289,0,0,30
2290,0,0,30
2291,0,0,30
2292,0,0,30
2293,0,0,30
2294,0,0,30
2295,0,0,30
2296,0,0,30
2297,0,0,30
2298,0,0,30
2299,0,0,30
2300,0,0,30
2301,0,0,30
2302,0,0,30
2303,0,0,30
2304,0,0,30
2305,0,0,30
2306,0,0,30
2307,0,0,30
2308,0,0,30
2309,0,0,30
2310,0,0,30
2311,0,0,30
2312,0,0,30
2313,0,0,30
2314,0,0,30
2315,0,0,30
2316,0,0,30
2317,0,0,30
2318,0,0,30
2319,0,0,30
2320,0,0,30
2321,0,0,30
2322,0,0,30
2323,0,0,30
2324,0,0,30
2325,0,0,30
2326,0,0,30
2327,0,0,30
2328,0,0,30
2329,0,0,31
2330,0,0,31
2331,0,0,31
2332,0,0,31
2333,0,0,31
2334,0,0,31
2335,0,0,31
2336,0,0,31
2337,0,0,31
2338,0,0,31
2339,0,0,31
2340,0,0,31
2341,0,0,31
2342,0,0,31
2343,0,0,31
2344,0,0,31
2345,0,0,31
2346,0,0,31
2347,0,0,31
2348,0,0,31
2349,0,0,31
2350,0,0,31
2351,0,0,31
2352,0,0,31
2353,0,0,31
2354,0,0,31
2355,0,0,31
2356,0,0,31
2357,0,0,31
2358,0,0,31
2359,0,0,31
2360,0,0,31
2361,0,0,31
2362,0,0,31
2363,0,0,31
2364,0,0,31
2365,0,0,31
2366,0,0,31
2367,0,0,31
2368,0,0,31
2369,0,0,31
2370,0,0,31
2371,0,0,31
2372,0,0,31
2373,0,0,31
2374,0,0,31
2375,0,0,31
2376,0,0,31
2377,0,0,31
2378,0,0,31
2379,0,0,31
2380,0,0,31
2381,0,0,31
2382,0,0,31
2383,0,0,31
2384,0,0,31
2385,0,0,31
2386,0,0,31
2387,0,0,31
2388,0,0,31
2389,0,0,31
2390,0,0,31
2391,0,0,31
2392,0,0,31
2393,0,0,31
2394,0,0,31
2395,0,0,31
2396,0,0,31
2397,0,0,31
2398,0,0,31
2399,0,0,31
2400,0,0,31
2401,0,0,31
2402,0,0,31
2403,0,0,31
2404,0,0,31
2405,0,0,31
2406,0,0,31
2407,0,0,31
2408,0,0,31
2409,0,0,31
2410,0,0,31
2411,0,0,31
2412,0,0,31
2413,0,0,31
2414,0,0,31
2415,0,0,31
2416,0,0,31
2417,0,0,31
2418,0,0,31
2419,0,0,31
2420,0,0,31
2421,0,0,31
2422,0,0,31
2423,0,0,31
2424,0,0,31
2425,0,0,31
2426,0,0,31
2427,0,0,31
2428,0,0,31
2429,0,0,31
2430,0,0,31
2431,0,0,31
2432,0,0,31
2433,0,0,31
2434,0,0,31
2435,0,0,31
2436,0,0,31
2437,0,0,31
2438,0,0,31
2439,0,0,31
2440,0,0,31
2441,0,0,31
2442,0,0,31
2443,0,0,31
2444,0,0,31
2445,0,0,31
2446,0,0,31
2447,0,0,31
2448,0,0,31
2449,0,0,32
2450,0,0,32
2451,0,0,32
2452,0,0,32
2453,0,0,32
2454,0,0,32
2455,0,0,32
2456,0,0,32
2457,0,0,32
2458,0,0,32
2459,0,0,32
2460,0,0,32
2461,0,0,32
2462,0,0,32
2463,0,0,32
2464,0,0,32
2465,0,0,32
2466,0,0,32
2467,0,0,32
2468,0,0,32
2469,0,0,32
2470,0,0,32
2471,0,0,32
2472,0,0,32
2473,0,0,32
2474,0,0,32
2475,0,0,32
2476,0,0,32
2477,0,0,32
2478,0,0,32
2479,0,0,32
2480,0,0,32
2481,0,0,32
2482,0,0,32
2483,0,0,32
2484,0,0,32
2485,0,0,32
2486,0,0,32
2487,0,0,32
2488,0,0,32
2489,0,0,32
2490,0,0,32
2491,0,0,32
2492,0,0,32
2493,0,0,32
2494,0,0,32
2495,0,0,32
2496,0,0,32
2497,0,0,32
2498,0,0,32
2499,0,0,32
2500,0,0,32
2501,0,0,32
2502,0,0,32
2503,0,0,32
2504,0,0,32
2505,0,0,32
2506,0,0,32
2507,0,0,32
2508,0,0,32
2509,0,0,32
2510,0,0,32
2511,0,0,32
2512,0,0,32
2513,0,0,32
2514,0,0,32
2515,0,0,32
2516,0,0,32
2517,0,0,32
2518,0,0,32
2519,0,0,33
2520,0,0,33
2521,0,0,33
2522,0,0,33
2523,0,0,33
2524,0,0,33
2525,0,0,33
2526,0,0,33
2527,0,0,33
2528,0,0,33
2529,0,0,33
2530,0,0,33
2531,0,0,33
2532,0,0,33
2533,0,0,33
2534,0,0,33
2535,0,0,33
2536,0,0,33
2537,0,0,33
2538,0,0,33
2539,0,0,33
2540,0,0,33
2541,0,0,33
2542,0,0,33
2543,0,0,33
2544,0,0,33
2545,0,0,33
2546,0,0,33
2547,0,0,33
2548,0,0,34
2549,0,0,35
2550,0,0,36
2551,0,0,36
2552,0,0,36
2553,0,0,36
2554,0,0,36
2555,0,0,36
2556,0,0,36
2557,0,0,36
2558,0,0,36
2559,0,0,36
2560,0,0,36
2561,0,0,36
2562,0,0,36
2563,0,0,36
2564,0,0,36
2565,0,0,36
2566,0,0,36
2567,0,0,36
2568,0,0,36
2569,0,0,36
2570,0,0,36
2571,0,0,36
2572,0,0,36
2573,0,0,36
2574,0,0,36
2575,0,0,36
2576,0,0,36
2577,0,0,36
2578,0,0,36
2579,0,0,36
2580,0,0,36
2581,0,0,36
2582,0,0,36
2583,0,0,36
2584,0,0,37
2585,0,0,37
2586,0,0,37
2587,0,0,37
2588,0,0,37
2589,0,0,37
2590,0,0,37
2591,0,0,37
2592,0,0,37
2593,0,0,37
2594,0,0,37
2595,0,0,37
2596,0,0,37
2597,0,0,37
2598,0,0,37
2599,0,0,37
2600,0,0,37
2601,0,0,37
2602,0,0,37
2603,0,0,37
2604,0,0,37
2605,0,0,37
2606,0,0,37
2607,0,0,37
2608,0,0,37
2609,0,0,37
2610,0,0,37
2611,0,0,37
2612,0,0,37
2613,0,0,38
2614,0,0,38
2615,0,0,38
2616,0,0,38
2617,0,0,38
2618,0,0,38
2619,0,0,38
2620,0,0,38
2621,0,0,38
2622,0,0,38
2623,0,0,38
2624,0,0,38
2625,0,0,38
2626,0,0,38
2627,0,0,38
2628,0,0,38
2629,0,0,38
2630,0,0,38
2631,0,0,38
2632,0,0,38
2633,0,0,38
2634,0,0,38
2635,0,0,38
2636,0,0,38
2637,0,0,38
2638,0,0,38
2639,0,0,38
2640,0,0,38
2641,0,0,38
2642,0,0,38
2643,0,0,38
2644,0,0,38
2645,0,0,38
2646,0,0,38
2647,0,0,38
2648,0,0,38
2649,0,0,38
2650,0,0,38
2651,0,0,38
2652,0,0,38
2653,0,0,38
2654,0,0,38
2655,0,0,38
2656,0,0,38
2657,0,0,38
2658,0,0,38
2659,0,0,38
2660,0,0,38
2661,0,0,38
2662,0,0,38
2663,0,0,38
2664,0,0,38
2665,0,0,38
2666,0,0,38
2667,0,0,38
2668,0,0,38
2669,0,0,38
2670,0,0,38
2671,0,0,38
2672,0,0,38
2673,0,0,38
2674,0,0,38
2675,0,0,38
2676,0,0,38
2677,0,0,38
2678,0,0,38
2679,0,0,38
2680,0,0,39
2681,0,0,39
2682,0,0,39
2683,0,0,39
2684,0,0,39
2685,0,0,39
2686,0,0,39
2687,0,0,39
2688,0,0,39
2689,0,0,39
2690,0,0,39
2691,0,0,39
2692,0,0,39
2693,0,0,39
2694,0,0,39
2695,0,0,39
2696,0,0,39
2697,0,0,39
2698,0,0,39
2699,0,0,39
2700,0,0,39
2701,0,0,39
2702,0,0,39
2703,0,0,39
2704,0,0,39
2705,0,0,39
2706,0,0,39
2707,0,0,39
2708,0,0,39
2709,0,0,39
2710,0,0,39
2711,0,0,39
2712,0,0,39
2713,0,0,40
2714,0,0,40
2715,0,0,40
2716,0,0,40
2717,0,0,40
2718,0,0,40
2719,0,0,40
2720,0,0,40
2721,0,0,40
2722,0,0,40
2723,0,0,40
2724,0,0,40
2725,0,0,40
2726,0,0,40
2727,0,0,40
2728,0,0,40
2729,0,0,40
2730,0,0,40
2731,0,0,40
2732,0,0,40
2733,0,0,40
2734,0,0,40
2735,0,0,40
2736,0,0,40
2737,0,0,40
2738,0,0,40
2739,0,0,40
2740,0,0,40
2741,0,0,40
2742,0,0,40
2743,0,0,40
2744,0,0,40
2745,0,0,40
2746,0,0,40
2747,0,0,40
2748,0,0,40
2749,0,0,40
2750,0,0,40
2751,0,0,40
2752,0,0,40
2753,0,0,40
2754,0,0,40
2755,0,0,40
2756,0,0,40
2757,0,0,40
2758,0,0,40
2759,0,0,40
2760,0,0,40
2761,0,0,41
2762,0,0,41
2763,0,0,41
2764,0,0,41
2765,0,0,41
2766,0,0,41
2767,0,0,41
2768,0,0,41
2769,0,0,41
2770,0,0,41
2771,0,0,41
2772,0,0,41
2773,0,0,41
2774,0,0,41
2775,0,0,41
2776,0,0,41
2777,0,0,41
2778,0,0,41
2779,0,0,41
2780,0,0,41
2781,0,0,41
2782,0,0,41
2783,0,0,41
2784,0,0,41
2785,0,0,41
2786,0,0,41
2787,0,0,41
2788,0,0,41
2789,0,0,41
2790,0,0,41
2791,0,0,41
2792,0,0,41
2793,0,0,41
2794,0,0,41
2795,0,0,41
2796,0,0,42
2797,0,0,42
2798,0,0,42
2799,0,0,42
2800,0,0,42
2801,0,0,42
2802,0,0,42
2803,0,0,42
2804,0,0,42
2805,0,0,42
2806,0,0,42
2807,0,0,42
2808,0,0,42
2809,0,0,42
2810,0,0,42
2811,0,0,42
2812,0,0,42
2813,0,0,42
2814,0,0,42
2815,0,0,42
2816,0,0,42
2817,0,0,42
2818,0,0,42
2819,0,0,42
2820,0,0,42
2821,0,0,42
2822,0,0,42
2823,0,0,42
2824,0,0,42
2825,0,0,42
2826,0,0,42
2827,0,0,42
2828,0,0,42
2829,0,0,43
2830,0,0,44
2831,0,0,45
2832,0,0,46
2833,0,0,46
2834,0,0,46
2835,0,0,46
2836,0,0,46
2837,0,0,46
2838,0,0,46
2839,0,0,46
2840,0,0,46
2841,0,0,46
2842,0,0,46
2843,0,0,46
2844,0,0,46
2845,0,0,46
2846,0,0,46
2847,0,0,46
2848,0,0,46
2849,0,0,46
2850,0,0,46
2851,0,0,46
2852,0,0,46
2853,0,0,46
2854,0,0,46
2855,0,0,46
2856,0,0,46
2857,0,0,46
2858,0,0,46
2859,0,0,46
2860,0,0,46
2861,0,0,46
2862,0,0,46
2863,0,0,46
2864,0,0,46
2865,0,0,46
2866,0,0,46
2867,0,0,46
2868,0,0,46
2869,0,0,46
2870,0,0,46
2871,0,0,46
2872,0,0,46
2873,0,0,46
2874,0,0,46
2875,0,0,46
2876,0,0,46
2877,0,0,46
2878,0,0,46
2879,0,0,46
2880,0,0,46
2881,0,0,46
2882,0,0,46
2883,0,0,46
2884,0,0,46
2885,0,0,46
2886,0,0,46
2887,0,0,46
2888,0,0,46
2889,0,0,46
2890,0,0,46
2891,0,0,46
2892,0,0,46
2893,0,0,46
2894,0,0,46
2895,0,0,47
2896,0,0,47
2897,0,0,47
2898,0,0,47
2899,0,0,47
2900,0,0,47
2901,0,0,47
2902,0,0,47
2903,0,0,47
2904,0,0,47
2905,0,0,47
2906,0,0,47
2907,0,0,47
2908,0,0,47
2909,0,0,47
2910,0,0,47
2911,0,0,47
2912,0,0,47
2913,0,0,47
2914,0,0,47
2915,0,0,47
2916,0,0,47
2917,0,0,47
2918,0,0,47
2919,0,0,48
2920,0,0,48
2921,0,0,48
2922,0,0,48
2923,0,0,48
2924,0,0,48
2925,0,0,48
2926,0,0,48
2927,0,0,48
2928,0,0,48
2929,0,0,48
2930,0,0,48
2931,0,0,48
2932,0,0,48
2933,0,0,48
2934,0,0,48
2935,0,0,48
2936,0,0,49
2937,0,0,49
2938,0,0,49
2939,0,0,49
2940,0,0,49
2941,0,0,49
2942,0,0,49
2943,0,0,49
2944,0,0,49
2945,0,0,49
2946,0,0,49
2947,0,0,49
2948,0,0,49
2949,0,0,49
2950,0,0,49
2951,0,0,49
2952,0,0,49
2953,0,0,49
2954,0,0,49
2955,0,0,49
2956,0,0,49
2957,0,0,49
2958,0,0,49
2959,0,0,49
2960,0,0,49
2961,0,0,49
2962,0,0,49
2963,0,0,49
2964,0,0,49
2965,0,0,49
2966,0,0,49
2967,0,0,49
2968,0,0,49
2969,0,0,49
2970,0,0,49
2971,0,0,50
2972,0,0,50
2973,0,0,50
2974,0,0,50
2975,0,0,50
2976,0,0,50
2977,0,0,50
2978,0,0,50
2979,0,0,50
2980,0,0,50
2981,0,0,50
2982,0,0,50
2983,0,0,50
2984,0,0,50
2985,0,0,50
2986,0,0,50
2987,0,0,50
2988,0,0,50
2989,0,0,50
2990,0,0,50
2991,0,0,50
2992,0,0,50
2993,0,0,50
2994,0,0,50
2995,0,0,50
2996,0,0,50
2997,0,0,50
2998,0,0,50
2999,0,0,50
3000,0,0,50
3001,0,0,50
3002,0,0,50
3003,0,0,50
3004,0,0,50
3005,0,0,50
3006,0,0,50
3007,0,0,50
3008,0,0,50
3009,0,0,50
3010,0,0,50
3011,0,0,50
3012,0,0,50
3013,0,0,50
3014,0,0,50
3015,0,0,50
3016,0,0,50
3017,0,0,50
3018,0,0,50
3019,0,0,50
3020,0,0,50
3021,0,0,50
3022,0,0,50
3023,0,0,50
3024,0,0,50
3025,0,0,51
3026,0,0,52
3027,0,0,53
3028,0,0,54
3029,0,0,54
3030,0,0,54
3031,0,0,54
3032,0,0,54
3033,0,0,54
3034,0,0,54
3035,0,0,54
3036,0,0,54
3037,0,0,54
3038,0,0,54
3039,0,0,54
3040,0,0,54
3041,0,0,54
3042,0,0,54
3043,0,0,54
3044,0,0,54
3045,0,0,54
3046,0,0,54
3047,0,0,54
3048,0,0,54
3049,0,0,54
3050,0,0,54
3051,0,0,54
3052,0,0,54
3053,0,0,54
3054,0,0,54
3055,0,0,54
3056,0,0,54
3057,0,0,54
3058,0,0,54
3059,0,0,54
3060,0,0,54
3061,0,0,54
3062,0,0,54
3063,0,0,54
3064,0,0,54
3065,0,0,54
3066,0,0,54
3067,0,0,54
3068,0,0,54
3069,0,0,54
3070,0,0,54
3071,0,0,54
3072,0,0,54
3073,0,0,54
3074,0,0,54
3075,0,0,54
3076,0,0,54
3077,0,0,54
3078,0,0,54
3079,0,0,54
3080,0,0,54
3081,0,0,54
3082,0,0,54
3083,0,0,54
3084,0,0,54
3085,0,0,54
3086,0,0,54
3087,0,0,54
3088,0,0,54
3089,0,0,54
3090,0,0,54
3091,0,0,54
3092,0,0,54
3093,0,0,54
3094,0,0,54
3095,0,0,54
3096,0,0,54
3097,0,0,54
3098,0,0,54
3099,0,0,54
3100,0,0,54
3101,0,0,54
3102,0,0,54
3103,0,0,54
3104,0,0,54
3105,0,0,54
3106,0,0,54
3107,0,0,54
3108,0,0,54
3109,0,0,54
3110,0,0,54
3111,0,0,54
3112,0,0,54
3113,0,0,54
3114,0,0,54
3115,0,0,54
3116,0,0,54
3117,0,0,54
3118,0,0,54
3119,0,0,54
3120,0,0,54
3121,0,0,54
3122,0,0,54
3123,0,0,54
3124,0,0,54
3125,0,0,54
3126,0,0,54
3127,0,0,54
3128,0,0,54
3129,0,0,54
3130,0,0,54
3131,0,0,54
3132,0,0,54
3133,0,0,54
3134,0,0,54
3135,0,0,54
3136,0,0,54
3137,0,0,54
3138,0,0,54
3139,0,0,54
3140,0,0,54
3141,0,0,54
3142,0,0,54
3143,0,0,54
3144,0,0,54
3145,0,0,54
3146,0,0,54
3147,0,0,54
3148,0,0,54
3149,0,0,54
3150,0,0,54
3151,0,0,54
3152,0,0,54
3153,0,0,54
3154,0,0,54
3155,0,0,54
3156,0,0,54
3157,0,0,54
3158,0,0,54
3159,0,0,54
3160,0,0,54
3161,0,0,54
3162,0,0,54
3163,0,0,54
3164,0,0,54
3165,0,0,54
3166,0,0,54
3167,0,0,54
3168,0,0,54
3169,0,0,55
3170,0,0,55
3171,0,0,55
3172,0,0,55
3173,0,0,55
3174,0,0,55
3175,0,0,55
3176,0,0,55
3177,0,0,55
3178,0,0,55
3179,0,0,55
3180,0,0,55
3181,0,0,55
3182,0,0,55
3183,0,0,55
3184,0,0,55
3185,0,0,55
3186,0,0,55
3187,0,0,55
3188,0,0,55
3189,0,0,55
3190,0,0,55
3191,0,0,55
3192,0,0,55
3193,0,0,55
3194,0,0,55
3195,0,0,55
3196,0,0,55
3197,0,0,55
3198,0,0,55
3199,0,0,55
3200,0,0,55
3201,0,0,55
3202,0,0,55
3203,0,0,55
3204,0,0,55
3205,0,0,55
3206,0,0,55
3207,0,0,55
3208,0,0,55
3209,0,0,55
3210,0,0,55
3211,0,0,55
3212,0,0,55
3213,0,0,56
3214,0,0,57
3215,0,0,58
3216,0,0,58
3217,0,0,58
3218,0,0,58
3219,0,0,58
3220,0,0,58
3221,0,0,58
3222,0,0,58
3223,0,0,58
3224,0,0,58
3225,0,0,58
3226,0,0,58
3227,0,0,58
3228,0,0,58
3229,0,0,58
3230,0,0,58
3231,0,0,58
3232,0,0,58
3233,0,0,58
3234,0,0,58
3235,0,0,58
3236,0,0,58
3237,0,0,58
3238,0,0,58
3239,0,0,58
3240,0,0,58
3241,0,0,58
3242,0,0,58
3243,0,0,58
3244,0,0,58
3245,0,0,58
3246,0,0,58
3247,0,0,58
3248,0,0,58
3249,0,0,58
3250,0,0,58
3251,0,0,58
3252,0,0,58
3253,0,0,58
3254,0,0,58
3255,0,0,58
3256,0,0,58
3257,0,0,58
3258,0,0,58
3259,0,0,58
3260,0,0,58
3261,0,0,58
3262,0,0,58
3263,0,0,58
3264,0,0,58
3265,0,0,58
3266,0,0,58
3267,0,0,58
3268,0,0,58
3269,0,0,58
3270,0,0,58
3271,0,0,58
3272,0,0,58
3273,0,0,58
3274,0,0,58
3275,0,0,58
3276,0,0,58
3277,0,0,58
3278,0,0,58
3279,0,0,58
3280,0,0,58
3281,0,0,58
3282,0,0,58
3283,0,0,58
3284,0,0,58
3285,0,0,58
3286,0,0,58
3287,0,0,58
3288,0,0,59
3289,0,0,60
3290,0,0,61
3291,0,0,62
3292,0,0,63
3293,0,0,63
3294,0,0,63
3295,0,0,63
3296,0,0,63
3297,0,0,63
3298,0,0,63
3299,0,0,63
3300,0,0,63
3301,0,0,63
3302,0,0,63
3303,0,0,63
3304,0,0,63
3305,0,0,63
3306,0,0,63
3307,0,0,63
3308,0,0,63
3309,0,0,63
3310,0,0,63
3311,0,0,63
3312,0,0,63
3313,0,0,63
3314,0,0,63
3315,0,0,63
3316,0,0,63
3317,0,0,63
3318,0,0,63
3319,0,0,63
3320,0,0,63
3321,0,0,63
3322,0,0,63
3323,0,0,63
3324,0,0,63
3325,0,0,63
3326,0,0,63
3327,0,0,63
3328,0,0,63
3329,0,0,63
3330,0,0,63
3331,0,0,63
3332,0,0,63
3333,0,0,63
3334,0,0,63
3335,0,0,63
3336,0,0,63
3337,0,0,63
3338,0,0,63
3339,0,0,63
3340,0,0,63
3341,0,0,63
3342,0,0,63
3343,0,0,63
3344,0,0,63
3345,0,0,63
3346,0,0,63
3347,0,0,63
3348,0,0,63
3349,0,0,63
3350,0,0,63
3351,0,0,63
3352,0,0,63
3353,0,0,63
3354,0,0,64
3355,0,0,65
3356,0,0,65
3357,0,0,65
3358,0,0,65
3359,0,0,65
3360,0,0,65
3361,0,0,65
3362,0,0,65
3363,0,0,65
3364,0,0,65
3365,0,0,65
3366,0,0,65
3367,0,0,65
3368,0,0,65
3369,0,0,65
3370,0,0,65
3371,0,0,65
3372,0,0,65
3373,0,0,65
3374,0,0,65
3375,0,0,65
3376,0,0,65
3377,0,0,65
3378,0,0,65
3379,0,0,65
3380,0,0,65
3381,0,0,65
3382,0,0,65
3383,0,0,65
3384,0,0,65
3385,0,0,65
3386,0,0,65
3387,0,0,65
3388,0,0,65
3389,0,0,65
3390,0,0,65
3391,0,0,65
3392,0,0,65
3393,0,0,65
3394,0,0,65
3395,0,0,65
3396,0,0,65
3397,0,0,65
3398,0,0,65
3399,0,0,65
3400,0,0,65
3401,0,0,65
3402,0,0,65
3403,0,0,65
3404,0,0,65
3405,0,0,65
3406,0,0,65
3407,0,0,65
3408,0,0,65
3409,0,0,65
3410,0,0,65
3411,0,0,65
3412,0,0,66
3413,0,0,66
3414,0,0,66
3415,0,0,66
3416,0,0,66
3417,0,0,66
3418,0,0,66
3419,0,0,66
3420,0,0,66
3421,0,0,66
3422,0,0,66
3423,0,0,66
3424,0,0,66
3425,0,0,66
3426,0,0,66
3427,0,0,66
3428,0,0,66
3429,0,0,66
3430,0,0,66
3431,0,0,66
3432,0,0,66
3433,0,0,66
3434,0,0,66
3435,0,0,66
3436,0,0,66
3437,0,0,66
3438,0,0,66
3439,0,0,66
3440,0,0,66
3441,0,0,66
3442,0,0,66
3443,0,0,66
3444,0,0,66
3445,0,0,66
3446,0,0,66
3447,0,0,66
3448,0,0,66
3449,0,0,66
3450,0,0,66
3451,0,0,66
3452,0,0,66
3453,0,0,66
3454,0,0,66
3455,0,0,66
3456,0,0,66
3457,0,0,66
3458,0,0,66
3459,0,0,66
3460,0,0,66
3461,0,0,66
3462,0,0,66
3463,0,0,66
3464,0,0,66
3465,0,0,66
3466,0,0,66
3467,0,0,66
3468,0,0,66
3469,0,0,66
3470,0,0,66
3471,0,0,66
3472,0,0,66
3473,0,0,66
3474,0,0,66
3475,0,0,66
3476,0,0,66
3477,0,0,67
3478,0,0,68
3479,0,0,68
3480,0,0,68
3481,0,0,68
3482,0,0,68
3483,0,0,68
3484,0,0,68
3485,0,0,68
3486,0,0,68
3487,0,0,68
3488,0,0,68
3489,0,0,68
3490,0,0,68
3491,0,0,68
3492,0,0,68
3493,0,0,68
3494,0,0,68
3495,0,0,68
3496,0,0,68
3497,0,0,68
3498,0,0,68
3499,0,0,68
3500,0,0,68
3501,0,0,68
3502,0,0,68
3503,0,0,68
3504,0,0,68
3505,0,0,68
3506,0,0,68
3507,0,0,68
3508,0,0,68
3509,0,0,68
3510,0,0,68
3511,0,0,68
3512,0,0,68
3513,0,0,68
3514,0,0,68
3515,0,0,68
3516,0,0,68
3517,0,0,68
3518,0,0,68
3519,0,0,68
3520,0,0,68
3521,0,0,68
3522,0,0,68
3523,0,0,68
3524,0,0,68
3525,0,0,68
3526,0,0,68
3527,0,0,68
3528,0,0,68
3529,0,0,69
3530,0,0,70
3531,0,0,71
3532,0,0,72
3533,0,0,72
3534,0,0,72
3535,0,0,72
3536,0,0,72
3537,0,0,72
3538,0,0,72
3539,0,0,72
3540,0,0,72
3541,0,0,72
3542,0,0,72
3543,0,0,72
3544,0,0,72
3545,0,0,72
3546,0,0,72
3547,0,0,72
3548,0,0,72
3549,0,0,72
3550,0,0,72
3551,0,0,72
3552,0,0,72
3553,0,0,72
3554,0,0,72
3555,0,0,72
3556,0,0,72
3557,0,0,72
3558,0,0,72
3559,0,0,72
3560,0,0,72
3561,0,0,72
3562,0,0,72
3563,0,0,72
3564,0,0,72
3565,0,0,72
3566,0,0,72
3567,0,0,72
3568,0,0,72
3569,0,0,72
3570,0,0,72
3571,0,0,72
3572,0,0,72
3573,0,0,72
3574,0,0,72
3575,0,0,72
3576,0,0,72
3577,0,0,72
3578,0,0,72
3579,0,0,72
3580,0,0,72
3581,0,0,72
3582,0,0,72
3583,0,0,72
3584,0,0,72
3585,0,0,72
3586,0,0,72
3587,0,0,72
3588,0,0,72
3589,0,0,72
3590,0,0,72
3591,0,0,72
3592,0,0,72
3593,0,0,72
3594,0,0,72
3595,0,0,72
3596,0,0,72
3597,0,0,72
3598,0,0,72
3599,0,0,72
3600,0,0,72
3601,0,0,72
3602,0,0,72
3603,0,0,72
3604,0,0,72
3605,0,0,72
3606,0,0,72
3607,0,0,73
3608,0,0,74
3609,0,0,74
3610,0,0,74
3611,0,0,74
3612,0,0,74
3613,0,0,74
3614,0,0,74
3615,0,0,74
3616,0,0,74
3617,0,0,74
3618,0,0,74
3619,0,0,74
3620,0,0,74
3621,0,0,74
3622,0,0,74
3623,0,0,74
3624,0,0,74
3625,0,0,74
3626,0,0,74
3627,0,0,74
3628,0,0,74
3629,0,0,74
3630,0,0,74
3631,0,0,74
3632,0,0,74
3633,0,0,74
3634,0,0,74
3635,0,0,74
3636,0,0,74
3637,0,0,74
3638,0,0,74
3639,0,0,74
3640,0,0,74
3641,0,0,74
3642,0,0,74
3643,0,0,74
3644,0,0,74
3645,0,0,74
3646,0,0,74
3647,0,0,74
3648,0,0,74
3649,0,0,74
3650,0,0,74
3651,0,0,74
3652,0,0,74
3653,0,0,74
3654,0,0,74
3655,0,0,74
3656,0,0,74
3657,0,0,74
3658,0,0,74
3659,0,0,74
3660,0,0,74
3661,0,0,74
3662,0,0,74
3663,0,0,74
3664,0,0,74
3665,0,0,74
3666,0,0,75
3667,0,0,76
3668,0,0,76
3669,0,0,76
3670,0,0,76
3671,0,0,76
3672,0,0,76
3673,0,0,76
3674,0,0,76
3675,0,0,76
3676,0,0,76
3677,0,0,76
3678,0,0,76
3679,0,0,76
3680,0,0,76
3681,0,0,76
3682,0,0,76
3683,0,0,76
3684,0,0,76
3685,0,0,76
3686,0,0,76
3687,0,0,76
3688,0,0,76
3689,0,0,76
3690,0,0,76
3691,0,0,76
3692,0,0,76
3693,0,0,76
3694,0,0,76
3695,0,0,76
3696,0,0,76
3697,0,0,76
3698,0,0,76
3699,0,0,76
3700,0,0,76
3701,0,0,76
3702,0,0,76
3703,0,0,76
3704,0,0,76
3705,0,0,76
3706,0,0,76
3707,0,0,76
3708,0,0,76
3709,0,0,76
3710,0,0,76
3711,0,0,76
3712,0,0,76
3713,0,0,76
3714,0,0,76
3715,0,0,76
3716,0,0,76
3717,0,0,76
3718,0,0,76
3719,0,0,76
3720,0,0,76
3721,0,0,76
3722,0,0,76
3723,0,0,76
3724,0,0,76
3725,0,0,76
3726,0,0,76
3727,0,0,76
3728,0,0,76
3729,0,0,76
3730,0,0,76
3731,0,0,76
3732,0,0,76
3733,0,0,76
3734,0,0,76
3735,0,0,76
3736,0,0,76
3737,0,0,76
3738,0,0,76
3739,0,0,76
3740,0,0,76
3741,0,0,76
3742,0,0,76
3743,0,0,76
3744,0,0,76
3745,0,0,76
3746,0,0,76
3747,0,0,76
3748,0,0,76
3749,0,0,76
3750,0,0,76
3751,0,0,76
3752,0,0,76
3753,0,0,76
3754,0,0,76
3755,0,0,76
3756,0,0,76
3757,0,0,76
3758,0,0,76
3759,0,0,76
3760,0,0,76
3761,0,0,76
3762,0,0,76
3763,0,0,76
3764,0,0,76
3765,0,0,76
3766,0,0,76
3767,0,0,76
3768,0,0,76
3769,0,0,76
3770,0,0,76
3771,0,0,76
3772,0,0,76
3773,0,0,76
3774,0,0,76
3775,0,0,76
3776,0,0,76
3777,0,0,76
3778,0,0,76
3779,0,0,76
3780,0,0,76
3781,0,0,76
3782,0,0,76
3783,0,0,76
3784,0,0,76
3785,0,0,76
3786,0,0,76
3787,0,0,76
3788,0,0,76
3789,0,0,76
3790,0,0,76
3791,0,0,76
3792,0,0,76
3793,0,0,76
3794,0,0,76
3795,0,0,76
3796,0,0,76
3797,0,0,76
3798,0,0,76
3799,0,0,76
3800,0,0,76
3801,0,0,76
3802,0,0,76
3803,0,0,76
3804,0,0,77
3805,0,0,78
3806,0,0,78
3807,0,0,78
3808,0,0,78
3809,0,0,78
3810,0,0,78
3811,0,0,78
3812,0,0,78
3813,0,0,78
3814,0,0,78
3815,0,0,78
3816,0,0,78
3817,0,0,78
3818,0,0,78
3819,0,0,78
3820,0,0,78
3821,0,0,78
3822,0,0,78
3823,0,0,78
3824,0,0,78
3825,0,0,78
3826,0,0,78
3827,0,0,78
3828,0,0,78
3829,0,0,78
3830,0,0,78
3831,0,0,78
3832,0,0,78
3833,0,0,78
3834,0,0,78
3835,0,0,78
3836,0,0,78
3837,0,0,78
3838,0,0,78
3839,0,0,78
3840,0,0,78
3841,0,0,78
3842,0,0,78
3843,0,0,78
3844,0,0,78
3845,0,0,78
3846,0,0,78
3847,0,0,78
3848,0,0,78
3849,0,0,78
3850,0,0,78
3851,0,0,78
3852,0,0,78
3853,0,0,78
3854,0,0,78
3855,0,0,78
3856,0,0,78
3857,0,0,78
3858,0,0,78
3859,0,0,78
3860,0,0,78
3861,0,0,78
3862,0,0,78
3863,0,0,78
3864,0,0,78
3865,0,0,78
3866,0,0,78
3867,0,0,78
3868,0,0,78
3869,0,0,78
3870,0,0,78
3871,0,0,79
3872,0,0,80
3873,0,0,80
3874,0,0,80
3875,0,0,80
3876,0,0,80
3877,0,0,80
3878,0,0,80
3879,0,0,80
3880,0,0,80
3881,0,0,80
3882,0,0,80
3883,0,0,80
3884,0,0,80
3885,0,0,80
3886,0,0,80
3887,0,0,80
3888,0,0,80
3889,0,0,80
3890,0,0,80
3891,0,0,80
3892,0,0,80
3893,0,0,80
3894,0,0,80
3895,0,0,80
3896,0,0,80
3897,0,0,80
3898,0,0,80
3899,0,0,80
3900,0,0,80
3901,0,0,80
3902,0,0,80
3903,0,0,80
3904,0,0,80
3905,0,0,80
3906,0,0,80
3907,0,0,80
3908,0,0,80
3909,0,0,80
3910,0,0,80
3911,0,0,80
3912,0,0,80
3913,0,0,80
3914,0,0,80
3915,0,0,80
3916,0,0,80
3917,0,0,80
3918,0,0,80
3919,0,0,80
3920,0,0,80
3921,0,0,80
3922,0,0,80
3923,0,0,80
3924,0,0,80
3925,0,0,80
3926,0,0,80
3927,0,0,80
3928,0,0,80
3929,0,0,80
3930,0,0,80
3931,0,0,80
3932,0,0,80
3933,0,0,80
3934,0,0,80
3935,0,0,80
3936,0,0,80
3937,0,0,80
3938,0,0,80
3939,0,0,80
3940,0,0,80
3941,0,0,80
3942,0,0,80
3943,0,0,80
3944,0,0,80
3945,0,0,80
3946,0,0,80
3947,0,0,80
3948,0,0,80
3949,0,0,80
3950,0,0,80
3951,0,0,80
3952,0,0,80
3953,0,0,80
3954,0,0,80
3955,0,0,80
3956,0,0,80
3957,0,0,80
3958,0,0,80
3959,0,0,80
3960,0,0,80
3961,0,0,81
3962,0,0,82
3963,0,0,83
3964,0,0,84
3965,0,0,85
3966,0,0,85
3967,0,0,85
3968,0,0,85
3969,0,0,85
3970,0,0,85
3971,0,0,85
3972,0,0,85
3973,0,0,85
3974,0,0,85
3975,0,0,85
3976,0,0,85
3977,0,0,85
3978,0,0,85
3979,0,0,85
3980,0,0,85
3981,0,0,85
3982,0,0,85
3983,0,0,85
3984,0,0,85
3985,0,0,85
3986,0,0,85
3987,0,0,85
3988,0,0,85
3989,0,0,85
3990,0,0,85
3991,0,0,85
3992,0,0,85
3993,0,0,85
3994,0,0,85
3995,0,0,85
3996,0,0,85
3997,0,0,85
3998,0,0,85
3999,0,0,85
4000,0,0,85
4001,0,0,85
4002,0,0,85
4003,0,0,85
4004,0,0,85
4005,0,0,85
4006,0,0,85
4007,0,0,85
4008,0,0,85
4009,0,0,85
4010,0,0,85
4011,0,0,85
4012,0,0,85
4013,0,0,85
4014,0,0,85
4015,0,0,85
4016,0,0,85
4017,0,0,85
4018,0,0,85
4019,0,0,85
4020,0,0,85
4021,0,0,85
4022,0,0,85
4023,0,0,85
4024,0,0,85
4025,0,0,85
4026,0,0,85
4027,0,0,85
4028,0,0,85
4029,0,0,85
4030,0,0,85
4031,0,0,85
4032,0,0,86
4033,0,0,87
4034,0,0,88
4035,0,0,89
4036,0,0,90
4037,0,0,91
4038,0,0,92
4039,0,0,92
4040,0,0,92
4041,0,0,92
4042,0,0,92
4043,0,0,92
4044,0,0,92
4045,0,0,92
4046,0,0,92
4047,0,0,92
4048,0,0,92
4049,0,0,92
4050,0,0,92
4051,0,0,92
4052,0,0,92
4053,0,0,92
4054,0,0,92
4055,0,0,92
4056,0,0,92
4057,0,0,92
4058,0,0,92
4059,0,0,92
4060,0,0,92
4061,0,0,92
4062,0,0,92
4063,0,0,92
4064,0,0,92
4065,0,0,92
4066,0,0,92
4067,0,0,92
4068,0,0,92
4069,0,0,92
4070,0,0,92
4071,0,0,92
4072,0,0,92
4073,0,0,92
4074,0,0,92
4075,0,0,92
4076,0,0,92
4077,0,0,92
4078,0,0,92
4079,0,0,92
4080,0,0,92
4081,0,0,92
4082,0,0,92
4083,0,0,92
4084,0,0,92
4085,0,0,92
4086,0,0,92
4087,0,0,92
4088,0,0,92
4089,0,0,92
4090,0,0,92
4091,0,0,92
4092,0,0,92
4093,0,0,92
4094,0,0,92
4095,0,0,92
4096,0,0,92
4097,0,0,92
4098,0,0,92
4099,0,0,92
4100,0,0,92
4101,0,0,92
4102,0,0,92
4103,0,0,92
4104,0,0,92
4105,0,0,92
4106,0,0,92
4107,0,0,92
4108,0,0,92
4109,0,0,92
4110,0,0,92
4111,0,0,92
4112,0,0,92
4113,0,0,92
4114,0,0,92
4115,0,0,92
4116,0,0,92
4117,0,0,93
4118,0,0,94
4119,0,0,95
4120,0,0,96
4121,0,0,96
4122,0,0,96
4123,0,0,96
4124,0,0,96
4125,0,0,96
4126,0,0,96
4127,0,0,96
4128,0,0,96
4129,0,0,96
4130,0,0,96
4131,0,0,96
4132,0,0,96
4133,0,0,96
4134,0,0,96
4135,0,0,96
4136,0,0,96
4137,0,0,96
4138,0,0,96
4139,0,0,96
4140,0,0,96
4141,0,0,96
4142,0,0,96
4143,0,0,96
4144,0,0,96
4145,0,0,96
4146,0,0,96
4147,0,0,96
4148,0,0,96
4149,0,0,96
4150,0,0,96
4151,0,0,96
4152,0,0,96
4153,0,0,96
4154,0,0,96
4155,0,0,96
4156,0,0,96
4157,0,0,96
4158,0,0,96
4159,0,0,96
4160,0,0,96
4161,0,0,96
4162,0,0,96
4163,0,0,96
4164,0,0,96
4165,0,0,96
4166,0,0,96
4167,0,0,96
4168,0,0,96
4169,0,0,96
4170,0,0,96
4171,0,0,96
4172,0,0,96
4173,0,0,96
4174,0,0,96
4175,0,0,96
4176,0,0,96
4177,0,0,96
4178,0,0,96
4179,0,0,96
4180,0,0,96
4181,0,0,96
4182,0,0,96
4183,0,0,96
4184,0,0,96
4185,0,0,96
4186,0,0,96
4187,0,0,96
4188,0,0,96
4189,0,0,96
4190,0,0,96
4191,0,0,96
4192,0,0,96
4193,0,0,97
4194,0,0,98
4195,0,0,99
4196,0,0,100
4197,0,0,101
4198,0,0,101
4199,0,0,101
4200,0,0,101
4201,0,0,101
4202,0,0,101
4203,0,0,101
4204,0,0,101
4205,0,0,101
4206,0,0,101
4207,0,0,101
4208,0,0,101
4209,0,0,101
4210,0,0,101
4211,0,0,101
4212,0,0,101
4213,0,0,101
4214,0,0,101
4215,0,0,101
4216,0,0,101
4217,0,0,101
4218,0,0,101
4219,0,0,101
4220,0,0,101
4221,0,0,101
4222,0,0,101
4223,0,0,101
4224,0,0,101
4225,0,0,101
4226,0,0,101
4227,0,0,101
4228,0,0,101
4229,0,0,101
4230,0,0,101
4231,0,0,101
4232,0,0,101
4233,0,0,101
4234,0,0,101
4235,0,0,101
4236,0,0,101
4237,0,0,101
4238,0,0,101
4239,0,0,101
4240,0,0,101
4241,0,0,101
4242,0,0,101
4243,0,0,101
4244,0,0,101
4245,0,0,101
4246,0,0,101
4247,0,0,101
4248,0,0,101
4249,0,0,101
4250,0,0,101
4251,0,0,101
4252,0,0,101
4253,0,0,101
4254,0,0,101
4255,0,0,101
4256,0,0,101
4257,0,0,101
4258,0,0,101
4259,0,0,101
4260,0,0,101
4261,0,0,101
4262,0,0,101
4263,0,0,101
4264,0,0,101
4265,0,0,101
4266,0,0,101
4267,0,0,101
4268,0,0,101
4269,0,0,101
4270,0,0,101
4271,0,0,101
4272,0,0,101
4273,0,0,101
4274,0,0,101
4275,0,0,101
4276,0,0,101
4277,0,0,101
4278,0,0,101
4279,0,0,101
4280,0,0,101
4281,0,0,101
4282,0,0,101
4283,0,0,101
4284,0,0,101
4285,0,0,101
4286,0,0,101
4287,0,0,101
4288,0,0,101
4289,0,0,101
4290,0,0,101
4291,0,0,101
4292,0,0,101
4293,0,0,102
4294,0,0,103
4295,0,0,104
4296,0,0,105
4297,0,0,106
4298,0,0,106
4299,0,0,106
4300,0,0,106
4301,0,0,106
4302,0,0,106
4303,0,0,106
4304,0,0,106
4305,0,0,106
4306,0,0,106
4307,0,0,106
4308,0,0,106
4309,0,0,106
4310,0,0,106
4311,0,0,106
4312,0,0,106
4313,0,0,106
4314,0,0,106
4315,0,0,106
4316,0,0,106
4317,0,0,106
4318,0,0,106
4319,0,0,106
4320,0,0,106
4321,0,0,106
4322,0,0,106
4323,0,0,106
4324,0,0,106
4325,0,0,106
4326,0,0,106
4327,0,0,106
4328,0,0,106
4329,0,0,106
4330,0,0,106
4331,0,0,106
4332,0,0,106
4333,0,0,106
4334,0,0,106
4335,0,0,106
4336,0,0,106
4337,0,0,106
4338,0,0,106
4339,0,0,106
4340,0,0,106
4341,0,0,106
4342,0,0,106
4343,0,0,106
4344,0,0,106
4345,0,0,106
4346,0,0,106
4347,0,0,106
4348,0,0,106
4349,0,0,106
4350,0,0,106
4351,0,0,106
4352,0,0,106
4353,0,0,106
4354,0,0,106
4355,0,0,106
4356,0,0,106
4357,0,0,106
4358,0,0,106
4359,0,0,106
4360,0,0,106
4361,0,0,106
4362,0,0,106
4363,0,0,106
4364,0,0,106
4365,0,0,106
4366,0,0,106
4367,0,0,106
4368,0,0,106
4369,0,0,106
4370,0,0,106
4371,0,0,106
4372,0,0,106
4373,0,0,106
4374,0,0,106
4375,0,0,106
4376,0,0,106
4377,0,0,106
4378,0,0,106
4379,0,0,106
4380,0,0,106
4381,0,0,106
4382,0,0,106
4383,0,0,106
4384,0,0,107
4385,0,0,108
4386,0,0,109
4387,0,0,110
4388,0,0,111
4389,0,0,111
4390,0,0,111
4391,0,0,111
4392,0,0,111
4393,0,0,111
4394,0,0,111
4395,0,0,111
4396,0,0,111
4397,0,0,111
4398,0,0,111
4399,0,0,111
4400,0,0,111
4401,0,0,111
4402,0,0,111
4403,0,0,111
4404,0,0,111
4405,0,0,111
4406,0,0,111
4407,0,0,111
4408,0,0,111
4409,0,0,111
4410,0,0,111
4411,0,0,111
4412,0,0,111
4413,0,0,111
4414,0,0,111
4415,0,0,111
4416,0,0,111
4417,0,0,111
4418,0,0,111
4419,0,0,111
4420,0,0,111
4421,0,0,111
4422,0,0,111
4423,0,0,111
4424,0,0,111
4425,0,0,111
4426,0,0,111
4427,0,0,111
4428,0,0,111
4429,0,0,111
4430,0,0,111
4431,0,0,111
4432,0,0,111
4433,0,0,111
4434,0,0,111
4435,0,0,111
4436,0,0,111
4437,0,0,111
4438,0,0,111
4439,0,0,111
4440,0,0,111
4441,0,0,111
4442,0,0,111
4443,0,0,111
4444,0,0,111
4445,0,0,111
4446,0,0,111
4447,0,0,111
4448,0,0,111
4449,0,0,111
4450,0,0,111
4451,0,0,111
4452,0,0,111
4453,0,0,111
4454,0,0,111
4455,0,0,111
4456,0,0,111
4457,0,0,111
4458,0,0,111
4459,0,0,111
4460,0,0,111
4461,0,0,111
4462,0,0,111
4463,0,0,111
4464,0,0,111
4465,0,0,111
4466,0,0,111
4467,0,0,111
4468,0,0,111
4469,0,0,111
4470,0,0,111
4471,0,0,111
4472,0,0,111
4473,0,0,111
4474,0,0,111
4475,0,0,111
4476,0,0,111
4477,0,0,111
4478,0,0,111
4479,0,0,111
4480,0,0,111
4481,0,0,111
4482,0,0,111
4483,0,0,111
4484,0,0,111
4485,0,0,111
4486,0,0,111
4487,0,0,111
4488,0,0,112
4489,0,0,113
4490,0,0,114
4491,0,0,115
4492,0,0,116
4493,0,0,117
4494,0,0,118
4495,0,0,119
4496,0,0,120
4497,0,0,120
4498,0,0,120
4499,0,0,120
4500,0,0,120
4501,0,0,120
4502,0,0,120
4503,0,0,120
4504,0,0,120
4505,0,0,120
4506,0,0,120
4507,0,0,120
4508,0,0,120
4509,0,0,120
4510,0,0,120
4511,0,0,120
4512,0,0,120
4513,0,0,120
4514,0,0,120
4515,0,0,120
4516,0,0,120
4517,0,0,120
4518,0,0,120
4519,0,0,120
4520,0,0,120
4521,0,0,120
4522,0,0,120
4523,0,0,120
4524,0,0,120
4525,0,0,120
4526,0,0,120
4527,0,0,120
4528,0,0,120
4529,0,0,120
4530,0,0,120
4531,0,0,120
4532,0,0,120
4533,0,0,120
4534,0,0,120
4535,0,0,120
4536,0,0,120
4537,0,0,120
4538,0,0,120
4539,0,0,120
4540,0,0,120
4541,0,0,120
4542,0,0,120
4543,0,0,120
4544,0,0,120
4545,0,0,120
4546,0,0,120
4547,0,0,120
4548,0,0,120
4549,0,0,120
4550,0,0,120
4551,0,0,120
4552,0,0,120
4553,0,0,120
4554,0,0,120
4555,0,0,120
4556,0,0,120
4557,0,0,120
4558,0,0,120
4559,0,0,120
4560,0,0,120
4561,0,0,120
4562,0,0,120
4563,0,0,120
4564,0,0,120
4565,0,0,120
4566,0,0,120
4567,0,0,120
4568,0,0,120
4569,0,0,120
4570,0,0,120
4571,0,0,120
4572,0,0,120
4573,0,0,120
4574,0,0,120
4575,0,0,120
4576,0,0,120
4577,0,0,121
4578,0,0,122
4579,0,0,123
4580,0,0,123
4581,0,0,123
4582,0,0,123
4583,0,0,123
4584,0,0,123
4585,0,0,123
4586,0,0,123
4587,0,0,123
4588,0,0,123
4589,0,0,123
4590,0,0,123
4591,0,0,123
4592,0,0,123
4593,0,0,123
4594,0,0,123
4595,0,0,123
4596,0,0,123
4597,0,0,123
4598,0,0,123
4599,0,0,123
4600,0,0,123
4601,0,0,123
4602,0,0,123
4603,0,0,123
4604,0,0,123
4605,0,0,123
4606,0,0,123
4607,0,0,123
4608,0,0,123
4609,0,0,123
4610,0,0,123
4611,0,0,123
4612,0,0,123
4613,0,0,123
4614,0,0,123
4615,0,0,123
4616,0,0,123
4617,0,0,123
4618,0,0,123
4619,0,0,123
4620,0,0,123
4621,0,0,123
4622,0,0,123
4623,0,0,123
4624,0,0,123
4625,0,0,123
4626,0,0,123
4627,0,0,123
4628,0,0,123
4629,0,0,123
4630,0,0,123
4631,0,0,123
4632,0,0,123
4633,0,0,123
4634,0,0,123
4635,0,0,123
4636,0,0,123
4637,0,0,123
4638,0,0,123
4639,0,0,123
4640,0,0,123
4641,0,0,123
4642,0,0,123
4643,0,0,123
4644,0,0,123
4645,0,0,123
4646,0,0,123
4647,0,0,123
4648,0,0,123
4649,0,0,123
4650,0,0,123
4651,0,0,123
4652,0,0,123
4653,0,0,123
4654,0,0,123
4655,0,0,123
4656,0,0,123
4657,0,0,123
4658,0,0,123
4659,0,0,123
4660,0,0,123
4661,0,0,123
4662,0,0,123
4663,0,0,123
4664,0,0,123
4665,0,0,123
4666,0,0,123
4667,0,0,123
4668,0,0,123
4669,0,0,123
4670,0,0,123
4671,0,0,123
4672,0,0,123
4673,0,0,123
4674,0,0,123
4675,0,0,123
4676,0,0,123
4677,0,0,123
4678,0,0,123
4679,0,0,123
4680,0,0,123
4681,0,0,123
4682,0,0,123
4683,0,0,123
4684,0,0,123
4685,0,0,124
4686,0,0,125
4687,0,0,126
4688,0,0,127
4689,0,0,128
4690,0,0,129
4691,0,0,129
4692,0,0,129
4693,0,0,129
4694,0,0,129
4695,0,0,129
4696,0,0,129
4697,0,0,129
4698,0,0,129
4699,0,0,129
4700,0,0,129
4701,0,0,129
4702,0,0,129
4703,0,0,129
4704,0,0,129
4705,0,0,129
4706,0,0,129
4707,0,0,129
4708,0,0,129
4709,0,0,129
4710,0,0,129
4711,0,0,129
4712,0,0,129
4713,0,0,129
4714,0,0,129
4715,0,0,129
4716,0,0,129
4717,0,0,129
4718,0,0,129
4719,0,0,129
4720,0,0,129
4721,0,0,129
4722,0,0,129
4723,0,0,129
4724,0,0,129
4725,0,0,129
4726,0,0,129
4727,0,0,129
4728,0,0,129
4729,0,0,129
4730,0,0,129
4731,0,0,129
4732,0,0,129
4733,0,0,129
4734,0,0,129
4735,0,0,129
4736,0,0,129
4737,0,0,129
4738,0,0,129
4739,0,0,129
4740,0,0,129
4741,0,0,129
4742,0,0,129
4743,0,0,129
4744,0,0,129
4745,0,0,129
4746,0,0,129
4747,0,0,129
4748,0,0,129
4749,0,0,129
4750,0,0,129
4751,0,0,129
4752,0,0,129
4753,0,0,129
4754,0,0,129
4755,0,0,129
4756,0,0,129
4757,0,0,129
4758,0,0,129
4759,0,0,129
4760,0,0,129
4761,0,0,129
4762,0,0,129
4763,0,0,129
4764,0,0,129
4765,0,0,129
4766,0,0,129
4767,0,0,129
4768,0,0,129
4769,0,0,129
4770,0,0,129
4771,0,0,129
4772,0,0,129
4773,0,0,129
4774,0,0,129
4775,0,0,129
4776,0,0,129
4777,0,0,129
4778,0,0,129
4779,0,0,129
4780,0,0,129
4781,0,0,129
4782,0,0,129
4783,0,0,129
4784,0,0,129
4785,0,0,129
4786,0,0,129
4787,0,0,129
4788,0,0,129
4789,0,0,129
4790,0,0,129
4791,0,0,129
4792,0,0,129
4793,0,0,129
4794,0,0,129
4795,0,0,129
4796,0,0,129
4797,0,0,129
4798,0,0,129
4799,0,0,129
4800,0,0,129
4801,0,0,129
4802,0,0,129
4803,0,0,129
4804,0,0,129
4805,0,0,129
4806,0,0,129
4807,0,0,129
4808,0,0,129
4809,0,0,129
4810,0,0,129
4811,0,0,129
4812,0,0,129
4813,0,0,129
4814,0,0,129
4815,0,0,129
4816,0,0,129
4817,0,0,130
4818,0,0,130
4819,0,0,130
4820,0,0,130
4821,0,0,130
4822,0,0,130
4823,0,0,130
4824,0,0,130
4825,0,0,130
4826,0,0,130
4827,0,0,130
4828,0,0,130
4829,0,0,130
4830,0,0,130
4831,0,0,130
4832,0,0,130
4833,0,0,130
4834,0,0,130
4835,0,0,130
4836,0,0,130
4837,0,0,130
4838,0,0,130
4839,0,0,130
4840,0,0,130
4841,0,0,130
4842,0,0,130
4843,0,0,130
4844,0,0,130
4845,0,0,130
4846,0,0,130
4847,0,0,130
4848,0,0,130
4849,0,0,130
4850,0,0,130
4851,0,0,130
4852,0,0,130
4853,0,0,130
4854,0,0,130
4855,0,0,130
4856,0,0,130
4857,0,0,130
4858,0,0,130
4859,0,0,130
4860,0,0,130
4861,0,0,130
4862,0,0,130
4863,0,0,130
4864,0,0,130
4865,0,0,130
4866,0,0,130
4867,0,0,130
4868,0,0,130
4869,0,0,130
4870,0,0,130
4871,0,0,130
4872,0,0,130
4873,0,0,130
4874,0,0,130
4875,0,0,130
4876,0,0,130
4877,0,0,130
4878,0,0,130
4879,0,0,130
4880,0,0,130
4881,0,0,130
4882,0,0,130
4883,0,0,130
4884,0,0,130
4885,0,0,130
4886,0,0,130
4887,0,0,130
4888,0,0,130
4889,0,0,130
4890,0,0,130
4891,0,0,130
4892,0,0,130
4893,0,0,130
4894,0,0,130
4895,0,0,130
4896,0,0,130
4897,0,0,130
4898,0,0,130
4899,0,0,130
4900,0,0,130
4901,0,0,130
4902,0,0,130
4903,0,0,130
4904,0,0,130
4905,0,0,130
4906,0,0,130
4907,0,0,130
4908,0,0,130
4909,0,0,130
4910,0,0,130
4911,0,0,130
4912,0,0,130
4913,0,0,130
4914,0,0,130
4915,0,0,130
4916,0,0,130
4917,0,0,131
4918,0,0,132
4919,0,0,133
4920,0,0,134
4921,0,0,135
4922,0,0,136
4923,0,0,137
4924,0,0,138
4925,0,0,138
4926,0,0,138
4927,0,0,138
4928,0,0,138
4929,0,0,138
4930,0,0,138
4931,0,0,138
4932,0,0,138
4933,0,0,138
4934,0,0,138
4935,0,0,138
4936,0,0,138
4937,0,0,138
4938,0,0,138
4939,0,0,138
4940,0,0,138
4941,0,0,138
4942,0,0,138
4943,0,0,138
4944,0,0,138
4945,0,0,138
4946,0,0,138
4947,0,0,138
4948,0,0,138
4949,0,0,138
4950,0,0,138
4951,0,0,138
4952,0,0,138
4953,0,0,138
4954,0,0,138
4955,0,0,138
4956,0,0,138
4957,0,0,138
4958,0,0,138
4959,0,0,138
4960,0,0,138
4961,0,0,138
4962,0,0,138
4963,0,0,138
4964,0,0,138
4965,0,0,138
4966,0,0,138
4967,0,0,138
4968,0,0,138
4969,0,0,138
4970,0,0,138
4971,0,0,138
4972,0,0,138
4973,0,0,138
4974,0,0,138
4975,0,0,138
4976,0,0,138
4977,0,0,138
4978,0,0,138
4979,0,0,138
4980,0,0,138
4981,0,0,138
4982,0,0,138
4983,0,0,138
4984,0,0,138
4985,0,0,138
4986,0,0,138
4987,0,0,138
4988,0,0,138
4989,0,0,138
4990,0,0,138
4991,0,0,138
4992,0,0,138
4993,0,0,138
4994,0,0,138
4995,0,0,138
4996,0,0,138
4997,0,0,138
4998,0,0,138
4999,0,0,138
