Time(Iteration),CLCB,CLCB_Attack
0,18,17
1,24,25
2,20,22
3,18,25
4,17,14
5,20,21
6,24,19
7,22,17
8,24,20
9,18,24
10,12,22
11,20,23
12,12,20
13,26,23
14,22,28
15,13,20
16,15,18
17,13,22
18,22,27
19,18,24
20,25,21
21,23,16
22,18,23
23,22,28
24,18,21
25,23,19
26,13,22
27,9,20
28,15,27
29,25,16
30,12,28
31,16,21
32,17,18
33,26,23
34,21,24
35,15,15
36,21,31
37,14,27
38,18,22
39,20,22
40,11,16
41,29,19
42,22,14
43,20,18
44,29,16
45,14,20
46,14,24
47,13,14
48,24,16
49,23,27
50,23,25
51,16,16
52,15,18
53,20,23
54,24,19
55,14,25
56,15,29
57,20,22
58,19,18
59,15,21
60,22,21
61,15,27
62,16,17
63,20,27
64,17,16
65,21,19
66,18,11
67,17,20
68,17,27
69,19,17
70,18,18
71,11,25
72,11,24
73,17,26
74,12,19
75,19,23
76,17,14
77,16,21
78,16,18
79,20,26
80,18,14
81,16,27
82,14,25
83,12,17
84,19,14
85,18,20
86,18,22
87,21,13
88,26,12
89,24,14
90,19,18
91,18,18
92,15,18
93,20,25
94,10,21
95,16,20
96,14,25
97,26,22
98,9,21
99,15,25
100,15,16
101,16,21
102,8,20
103,16,21
104,13,22
105,17,26
106,17,24
107,15,21
108,20,19
109,15,23
110,25,29
111,17,27
112,10,20
113,22,18
114,21,27
115,18,20
116,18,20
117,18,25
118,25,28
119,15,25
120,17,14
121,5,18
122,13,14
123,16,23
124,22,28
125,19,19
126,13,18
127,10,18
128,15,23
129,14,18
130,18,17
131,17,20
132,7,12
133,16,10
134,18,13
135,18,19
136,24,22
137,21,18
138,11,18
139,13,15
140,16,20
141,11,21
142,15,19
143,17,29
144,18,21
145,14,19
146,13,16
147,20,10
148,15,23
149,22,16
150,13,28
151,9,22
152,13,15
153,15,26
154,15,16
155,16,22
156,8,15
157,21,25
158,11,17
159,17,14
160,14,28
161,15,10
162,23,15
163,14,22
164,22,21
165,19,27
166,15,23
167,19,21
168,19,25
169,23,18
170,21,15
171,12,26
172,16,16
173,13,20
174,17,24
175,19,15
176,18,19
177,25,25
178,16,16
179,22,26
180,23,19
181,15,22
182,11,20
183,16,17
184,9,22
185,14,29
186,12,19
187,20,20
188,11,28
189,19,17
190,22,15
191,14,9
192,20,15
193,6,15
194,19,23
195,11,16
196,25,31
197,12,14
198,16,18
199,13,26
200,18,17
201,15,19
202,14,18
203,20,23
204,16,20
205,12,22
206,14,20
207,18,19
208,8,20
209,20,18
210,17,20
211,15,14
212,19,27
213,24,24
214,20,23
215,18,21
216,20,26
217,29,19
218,13,21
219,13,30
220,16,21
221,20,20
222,11,16
223,14,26
224,18,15
225,16,21
226,12,18
227,14,16
228,17,11
229,14,22
230,29,20
231,20,24
232,18,25
233,14,33
234,13,23
235,10,17
236,21,15
237,15,15
238,21,31
239,17,15
240,24,20
241,13,20
242,13,19
243,12,28
244,12,21
245,13,25
246,17,18
247,15,26
248,17,17
249,9,24
250,14,22
251,18,20
252,10,30
253,14,28
254,11,21
255,18,17
256,11,27
257,16,20
258,17,18
259,16,14
260,19,19
261,17,20
262,15,19
263,17,14
264,23,21
265,13,21
266,11,18
267,18,17
268,12,29
269,17,19
270,20,16
271,19,22
272,11,19
273,18,22
274,21,13
275,14,21
276,23,20
277,16,24
278,16,20
279,16,18
280,9,28
281,13,16
282,14,17
283,16,23
284,16,19
285,21,21
286,15,21
287,13,29
288,21,28
289,14,23
290,24,17
291,19,21
292,18,18
293,14,30
294,20,20
295,8,20
296,15,19
297,18,18
298,20,18
299,10,20
300,10,31
301,20,26
302,16,20
303,15,20
304,20,23
305,14,14
306,22,27
307,17,16
308,8,27
309,17,25
310,14,22
311,19,23
312,16,22
313,15,22
314,19,21
315,16,24
316,12,22
317,17,13
318,17,19
319,14,20
320,16,19
321,12,14
322,16,14
323,7,25
324,21,21
325,20,18
326,13,27
327,17,20
328,17,19
329,24,22
330,12,18
331,16,18
332,19,21
333,23,16
334,8,23
335,16,22
336,16,22
337,10,22
338,21,21
339,17,23
340,11,21
341,17,17
342,18,22
343,18,14
344,19,22
345,17,27
346,14,30
347,22,18
348,16,28
349,14,18
350,20,28
351,15,20
352,22,18
353,14,17
354,18,25
355,19,22
356,17,18
357,14,19
358,17,21
359,17,20
360,13,22
361,14,23
362,18,17
363,17,26
364,25,23
365,19,22
366,17,20
367,19,17
368,15,22
369,16,20
370,18,19
371,22,22
372,14,24
373,10,17
374,10,24
375,23,15
376,15,19
377,11,18
378,16,22
379,10,23
380,12,26
381,15,13
382,14,18
383,14,22
384,15,18
385,16,24
386,12,17
387,17,24
388,17,23
389,18,21
390,13,24
391,13,25
392,22,26
393,11,27
394,16,27
395,12,16
396,27,21
397,23,18
398,19,21
399,19,22
400,18,17
401,17,22
402,13,22
403,21,16
404,18,22
405,16,25
406,21,21
407,14,20
408,15,28
409,21,23
410,12,27
411,15,18
412,15,17
413,17,16
414,20,30
415,11,14
416,11,19
417,17,17
418,13,11
419,15,28
420,21,23
421,18,21
422,24,31
423,17,20
424,16,15
425,7,17
426,16,20
427,16,23
428,14,17
429,12,18
430,13,15
431,15,16
432,18,25
433,20,18
434,17,15
435,26,25
436,18,16
437,8,19
438,16,22
439,17,25
440,17,22
441,20,14
442,17,25
443,16,24
444,12,16
445,12,22
446,18,17
447,16,14
448,27,23
449,18,26
450,16,24
451,10,26
452,12,25
453,14,23
454,14,13
455,17,20
456,16,20
457,10,22
458,15,11
459,21,22
460,12,23
461,13,31
462,11,23
463,21,24
464,16,21
465,13,16
466,21,20
467,16,22
468,22,26
469,16,23
470,13,20
471,8,18
472,13,20
473,20,16
474,17,22
475,12,22
476,13,20
477,22,30
478,16,30
479,9,22
480,25,15
481,16,29
482,14,15
483,18,19
484,18,20
485,13,17
486,15,22
487,13,22
488,18,20
489,13,13
490,10,23
491,14,25
492,16,11
493,13,18
494,8,23
495,14,27
496,15,25
497,21,25
498,22,26
499,15,21
500,13,27
501,17,29
502,11,25
503,15,12
504,12,13
505,16,27
506,13,27
507,19,20
508,14,21
509,18,17
510,11,18
511,10,27
512,11,21
513,11,12
514,20,22
515,12,18
516,14,19
517,18,18
518,6,17
519,12,20
520,8,23
521,13,27
522,9,14
523,18,19
524,16,20
525,15,21
526,19,23
527,19,14
528,16,21
529,15,21
530,11,27
531,16,19
532,16,11
533,15,24
534,20,16
535,15,12
536,9,16
537,13,20
538,20,24
539,16,26
540,14,22
541,12,23
542,14,17
543,19,26
544,11,24
545,18,19
546,15,12
547,14,21
548,17,18
549,22,21
550,19,13
551,13,19
552,14,20
553,12,16
554,12,20
555,13,18
556,17,17
557,11,21
558,17,26
559,24,14
560,21,14
561,19,21
562,11,20
563,14,20
564,21,19
565,19,21
566,16,26
567,14,18
568,21,23
569,14,21
570,9,19
571,16,18
572,22,23
573,22,20
574,16,18
575,13,14
576,17,20
577,13,21
578,15,21
579,15,29
580,18,19
581,19,26
582,18,18
583,11,21
584,17,21
585,15,12
586,22,20
587,13,21
588,13,23
589,18,22
590,15,15
591,21,12
592,20,26
593,11,23
594,17,18
595,16,24
596,12,14
597,16,16
598,13,26
599,12,12
600,8,23
601,16,13
602,16,22
603,14,14
604,16,30
605,20,19
606,12,17
607,26,19
608,12,23
609,11,19
610,16,21
611,11,22
612,15,19
613,15,21
614,15,12
615,21,17
616,14,17
617,11,27
618,22,22
619,17,19
620,13,21
621,13,21
622,20,15
623,19,11
624,19,25
625,11,12
626,19,20
627,22,24
628,18,10
629,11,37
630,17,27
631,14,27
632,17,14
633,13,17
634,13,24
635,20,28
636,12,14
637,16,16
638,15,18
639,14,22
640,12,31
641,17,19
642,12,21
643,16,18
644,14,23
645,17,21
646,7,18
647,8,16
648,27,16
649,13,20
650,17,14
651,11,30
652,13,19
653,16,29
654,10,23
655,17,22
656,15,27
657,16,28
658,18,29
659,11,26
660,9,27
661,17,12
662,12,22
663,15,14
664,15,20
665,13,18
666,13,19
667,21,22
668,18,25
669,14,37
670,13,20
671,18,25
672,14,20
673,15,15
674,15,24
675,13,30
676,13,17
677,10,23
678,19,29
679,19,17
680,11,21
681,17,20
682,20,23
683,21,17
684,13,29
685,23,23
686,17,19
687,18,17
688,19,22
689,12,18
690,9,16
691,15,24
692,12,22
693,11,16
694,15,23
695,15,19
696,17,21
697,13,20
698,20,22
699,12,20
700,18,18
701,9,28
702,8,18
703,24,24
704,17,20
705,20,23
706,12,19
707,10,18
708,15,17
709,15,23
710,17,13
711,13,22
712,14,21
713,12,21
714,18,22
715,15,21
716,15,18
717,13,25
718,16,13
719,18,18
720,9,16
721,18,14
722,21,23
723,6,26
724,13,20
725,18,23
726,11,20
727,10,22
728,16,26
729,12,18
730,17,11
731,19,21
732,8,21
733,9,23
734,17,17
735,20,16
736,13,24
737,19,23
738,8,23
739,18,20
740,12,14
741,15,17
742,15,28
743,23,22
744,17,23
745,11,27
746,21,17
747,10,29
748,9,19
749,15,26
750,18,18
751,10,26
752,14,16
753,14,21
754,12,23
755,11,10
756,13,28
757,18,16
758,10,15
759,11,21
760,13,19
761,14,15
762,15,16
763,20,16
764,18,20
765,15,10
766,16,14
767,11,20
768,16,18
769,18,20
770,19,23
771,10,21
772,16,16
773,14,23
774,11,23
775,18,21
776,11,21
777,17,22
778,18,22
779,11,24
780,17,21
781,20,20
782,18,18
783,15,17
784,11,21
785,13,13
786,10,20
787,18,12
788,16,21
789,16,17
790,14,22
791,10,25
792,12,26
793,18,21
794,12,27
795,18,17
796,9,19
797,14,10
798,11,20
799,22,20
800,17,27
801,17,13
802,15,20
803,11,27
804,16,17
805,12,15
806,12,18
807,13,25
808,21,20
809,17,24
810,14,18
811,9,23
812,21,19
813,19,20
814,12,25
815,15,15
816,23,16
817,16,22
818,21,17
819,16,16
820,11,20
821,20,14
822,12,24
823,14,22
824,11,14
825,15,20
826,18,30
827,17,18
828,18,24
829,16,24
830,19,30
831,11,22
832,14,27
833,12,15
834,10,20
835,20,19
836,17,14
837,15,25
838,8,20
839,13,18
840,22,22
841,10,26
842,15,13
843,21,25
844,16,24
845,16,23
846,10,22
847,17,26
848,13,25
849,11,20
850,13,21
851,7,18
852,12,20
853,17,23
854,14,15
855,12,21
856,11,20
857,9,24
858,19,17
859,9,26
860,8,30
861,13,20
862,13,22
863,16,25
864,16,20
865,18,18
866,12,20
867,20,17
868,10,17
869,13,16
870,16,24
871,9,13
872,16,27
873,25,23
874,17,26
875,16,22
876,15,19
877,17,26
878,18,23
879,19,21
880,13,15
881,13,18
882,16,19
883,16,23
884,6,27
885,8,19
886,15,23
887,19,29
888,17,25
889,22,25
890,11,22
891,10,16
892,18,22
893,13,25
894,20,16
895,14,23
896,13,22
897,9,19
898,18,23
899,10,28
900,15,22
901,19,16
902,11,30
903,10,14
904,13,20
905,18,20
906,16,20
907,15,19
908,9,25
909,20,21
910,15,21
911,18,17
912,15,22
913,16,23
914,11,25
915,14,21
916,16,22
917,9,14
918,10,19
919,12,18
920,10,36
921,16,14
922,19,16
923,19,20
924,11,25
925,18,26
926,11,23
927,7,15
928,12,18
929,13,19
930,15,25
931,12,29
932,12,24
933,16,26
934,15,23
935,12,19
936,14,21
937,20,22
938,14,15
939,22,20
940,17,28
941,18,24
942,10,14
943,9,16
944,11,20
945,14,11
946,14,14
947,9,21
948,11,26
949,20,15
950,17,17
951,11,27
952,10,24
953,17,19
954,10,13
955,17,15
956,19,21
957,11,14
958,15,24
959,17,18
960,14,25
961,14,28
962,11,18
963,18,25
964,15,19
965,11,26
966,17,26
967,16,22
968,17,19
969,12,19
970,11,20
971,21,16
972,15,17
973,14,18
974,10,16
975,17,14
976,19,19
977,21,16
978,14,25
979,10,22
980,18,23
981,18,20
982,10,19
983,15,17
984,15,18
985,9,23
986,8,20
987,20,22
988,24,21
989,18,22
990,19,17
991,15,27
992,19,22
993,11,17
994,25,16
995,21,24
996,12,16
997,16,20
998,16,19
999,15,13
1000,13,18
1001,11,30
1002,16,24
1003,13,19
1004,25,16
1005,12,21
1006,15,19
1007,14,19
1008,14,19
1009,12,19
1010,16,24
1011,9,17
1012,21,22
1013,15,21
1014,14,17
1015,12,17
1016,15,14
1017,14,19
1018,18,26
1019,11,14
1020,14,24
1021,17,20
1022,14,17
1023,19,18
1024,20,25
1025,12,22
1026,20,22
1027,13,13
1028,18,29
1029,21,11
1030,12,16
1031,13,22
1032,16,26
1033,20,23
1034,8,18
1035,13,22
1036,14,15
1037,16,20
1038,15,28
1039,19,10
1040,15,15
1041,10,30
1042,14,24
1043,14,23
1044,14,22
1045,21,21
1046,17,17
1047,13,25
1048,18,34
1049,8,18
1050,10,18
1051,13,20
1052,13,30
1053,13,15
1054,17,21
1055,15,18
1056,20,15
1057,18,24
1058,13,29
1059,15,26
1060,17,20
1061,16,27
1062,17,16
1063,16,20
1064,12,27
1065,20,21
1066,19,14
1067,11,16
1068,19,19
1069,21,23
1070,18,19
1071,12,23
1072,10,25
1073,15,22
1074,21,10
1075,14,17
1076,12,21
1077,16,25
1078,17,23
1079,13,22
1080,21,21
1081,25,17
1082,8,29
1083,17,16
1084,14,24
1085,16,19
1086,14,20
1087,16,21
1088,16,18
1089,16,28
1090,11,28
1091,9,13
1092,11,19
1093,13,24
1094,16,16
1095,17,21
1096,19,21
1097,17,16
1098,7,21
1099,21,32
1100,10,14
1101,17,22
1102,8,15
1103,14,20
1104,9,24
1105,9,22
1106,10,12
1107,16,15
1108,15,14
1109,17,21
1110,15,20
1111,16,27
1112,18,25
1113,8,17
1114,14,23
1115,19,24
1116,18,21
1117,12,23
1118,19,25
1119,16,19
1120,14,14
1121,15,23
1122,11,25
1123,18,34
1124,15,21
1125,13,22
1126,17,20
1127,19,21
1128,17,22
1129,12,11
1130,10,16
1131,18,19
1132,14,28
1133,17,21
1134,19,29
1135,12,17
1136,8,16
1137,11,20
1138,12,19
1139,16,17
1140,17,31
1141,12,16
1142,13,25
1143,18,15
1144,7,14
1145,19,26
1146,13,14
1147,14,19
1148,18,20
1149,13,29
1150,13,18
1151,15,24
1152,18,13
1153,13,20
1154,14,20
1155,16,25
1156,15,19
1157,8,21
1158,19,20
1159,18,30
1160,12,25
1161,20,23
1162,12,16
1163,20,15
1164,5,20
1165,9,29
1166,18,29
1167,19,22
1168,16,24
1169,13,26
1170,22,24
1171,17,20
1172,19,19
1173,23,22
1174,16,20
1175,13,21
1176,5,19
1177,19,14
1178,17,18
1179,12,19
1180,19,23
1181,15,24
1182,17,17
1183,8,26
1184,16,16
1185,11,22
1186,14,18
1187,12,22
1188,12,25
1189,14,19
1190,16,19
1191,10,17
1192,14,29
1193,14,27
1194,11,22
1195,6,19
1196,14,25
1197,16,29
1198,17,24
1199,22,22
1200,14,14
1201,17,26
1202,13,17
1203,15,22
1204,9,21
1205,14,22
1206,21,27
1207,16,20
1208,16,20
1209,13,25
1210,14,24
1211,17,24
1212,16,17
1213,18,10
1214,15,17
1215,8,27
1216,12,24
1217,14,23
1218,14,25
1219,13,16
1220,13,21
1221,14,29
1222,24,19
1223,12,13
1224,5,21
1225,14,25
1226,12,18
1227,15,14
1228,14,23
1229,18,19
1230,16,25
1231,13,21
1232,14,28
1233,13,28
1234,17,17
1235,20,17
1236,16,29
1237,9,20
1238,16,13
1239,16,25
1240,11,20
1241,17,24
1242,17,21
1243,15,18
1244,16,20
1245,18,22
1246,17,24
1247,18,17
1248,21,16
1249,14,21
1250,16,29
1251,12,19
1252,14,21
1253,13,13
1254,15,24
1255,15,18
1256,18,16
1257,10,20
1258,17,18
1259,13,31
1260,16,21
1261,20,17
1262,17,29
1263,16,20
1264,18,15
1265,13,19
1266,9,26
1267,13,17
1268,15,19
1269,15,19
1270,17,14
1271,14,14
1272,13,18
1273,19,24
1274,16,21
1275,12,21
1276,17,15
1277,15,24
1278,17,17
1279,11,22
1280,14,15
1281,15,21
1282,14,21
1283,14,16
1284,14,13
1285,9,24
1286,10,20
1287,15,21
1288,11,17
1289,19,24
1290,16,12
1291,17,32
1292,16,14
1293,14,22
1294,16,18
1295,15,23
1296,10,28
1297,17,26
1298,17,20
1299,12,24
1300,15,29
1301,12,19
1302,15,17
1303,21,23
1304,18,19
1305,7,21
1306,22,21
1307,20,21
1308,8,18
1309,18,19
1310,13,22
1311,15,20
1312,17,17
1313,15,23
1314,20,25
1315,21,28
1316,17,24
1317,19,21
1318,16,22
1319,11,19
1320,10,27
1321,17,26
1322,12,11
1323,10,23
1324,13,22
1325,18,20
1326,16,21
1327,14,17
1328,10,20
1329,11,18
1330,10,24
1331,19,15
1332,9,15
1333,11,16
1334,14,20
1335,9,26
1336,16,20
1337,17,26
1338,23,18
1339,13,19
1340,24,22
1341,16,23
1342,16,28
1343,12,25
1344,12,33
1345,14,21
1346,12,19
1347,20,27
1348,18,16
1349,12,18
1350,17,17
1351,10,21
1352,10,31
1353,15,23
1354,10,14
1355,15,21
1356,16,23
1357,9,17
1358,10,18
1359,18,17
1360,16,20
1361,17,18
1362,21,29
1363,10,32
1364,17,25
1365,14,29
1366,14,16
1367,17,24
1368,15,25
1369,12,25
1370,15,22
1371,11,22
1372,10,29
1373,13,26
1374,12,20
1375,13,15
1376,18,17
1377,17,17
1378,17,20
1379,11,22
1380,16,21
1381,15,24
1382,8,22
1383,11,17
1384,13,21
1385,6,14
1386,16,16
1387,18,22
1388,21,16
1389,15,20
1390,19,26
1391,11,15
1392,22,26
1393,17,20
1394,13,20
1395,21,19
1396,19,14
1397,19,16
1398,13,27
1399,16,18
1400,12,23
1401,11,28
1402,12,18
1403,13,25
1404,13,15
1405,16,16
1406,16,29
1407,13,28
1408,16,18
1409,12,28
1410,16,18
1411,18,15
1412,10,23
1413,20,15
1414,12,28
1415,16,26
1416,16,22
1417,17,17
1418,10,29
1419,12,21
1420,14,21
1421,24,18
1422,19,20
1423,10,23
1424,20,23
1425,16,21
1426,12,16
1427,15,22
1428,13,18
1429,7,22
1430,11,23
1431,14,14
1432,15,17
1433,16,12
1434,14,28
1435,18,19
1436,14,25
1437,13,28
1438,17,17
1439,16,13
1440,18,25
1441,9,21
1442,11,23
1443,16,15
1444,13,25
1445,17,22
1446,14,19
1447,17,25
1448,22,17
1449,11,21
1450,22,20
1451,15,20
1452,15,15
1453,16,14
1454,10,19
1455,19,21
1456,16,21
1457,19,21
1458,10,20
1459,14,20
1460,17,18
1461,16,15
1462,19,21
1463,15,26
1464,17,21
1465,15,10
1466,14,25
1467,8,20
1468,13,30
1469,15,19
1470,8,25
1471,10,15
1472,9,15
1473,16,24
1474,15,16
1475,8,20
1476,20,26
1477,11,11
1478,11,15
1479,18,23
1480,9,18
1481,15,19
1482,10,10
1483,16,19
1484,11,25
1485,9,24
1486,17,23
1487,24,18
1488,10,27
1489,10,19
1490,18,19
1491,14,24
1492,12,19
1493,13,30
1494,16,31
1495,14,22
1496,16,6
1497,16,23
1498,8,18
1499,17,22
1500,10,18
1501,8,14
1502,16,18
1503,12,21
1504,16,22
1505,22,24
1506,8,16
1507,16,29
1508,11,15
1509,12,17
1510,19,20
1511,18,19
1512,15,24
1513,18,18
1514,15,24
1515,10,24
1516,10,25
1517,14,22
1518,17,24
1519,13,22
1520,5,21
1521,15,24
1522,15,20
1523,16,20
1524,11,12
1525,12,12
1526,13,21
1527,11,22
1528,13,22
1529,22,18
1530,11,20
1531,15,20
1532,14,20
1533,16,23
1534,9,21
1535,18,24
1536,18,23
1537,14,23
1538,13,22
1539,7,24
1540,13,22
1541,28,16
1542,16,13
1543,15,13
1544,13,20
1545,11,24
1546,15,25
1547,9,17
1548,12,27
1549,17,22
1550,14,21
1551,13,18
1552,11,25
1553,11,24
1554,18,26
1555,12,21
1556,15,21
1557,12,13
1558,12,22
1559,15,27
1560,16,26
1561,17,25
1562,17,15
1563,16,22
1564,15,22
1565,17,25
1566,10,21
1567,16,14
1568,17,21
1569,11,15
1570,13,18
1571,10,18
1572,12,22
1573,10,22
1574,14,18
1575,19,23
1576,12,16
1577,16,21
1578,14,16
1579,8,18
1580,18,20
1581,16,18
1582,12,31
1583,13,18
1584,9,24
1585,15,20
1586,11,23
1587,16,15
1588,9,27
1589,11,25
1590,15,23
1591,16,24
1592,11,25
1593,12,17
1594,15,24
1595,12,24
1596,18,20
1597,16,26
1598,15,21
1599,12,28
1600,8,19
1601,9,26
1602,12,14
1603,9,19
1604,18,15
1605,6,15
1606,15,24
1607,6,15
1608,14,21
1609,17,29
1610,15,24
1611,18,26
1612,8,25
1613,11,11
1614,16,26
1615,16,17
1616,7,16
1617,16,21
1618,21,25
1619,15,27
1620,13,17
1621,13,19
1622,18,18
1623,12,19
1624,12,20
1625,16,13
1626,20,20
1627,11,20
1628,10,22
1629,15,23
1630,14,30
1631,7,17
1632,17,17
1633,14,16
1634,16,22
1635,21,25
1636,7,14
1637,8,23
1638,14,12
1639,13,23
1640,19,24
1641,14,28
1642,8,16
1643,10,17
1644,15,24
1645,14,33
1646,22,9
1647,9,13
1648,11,18
1649,11,17
1650,14,22
1651,18,19
1652,14,23
1653,12,20
1654,18,18
1655,11,15
1656,13,21
1657,21,19
1658,20,27
1659,14,13
1660,14,17
1661,22,16
1662,16,31
1663,14,23
1664,14,17
1665,19,26
1666,15,24
1667,20,27
1668,12,21
1669,16,19
1670,11,19
1671,10,21
1672,14,16
1673,13,15
1674,19,26
1675,16,9
1676,20,26
1677,16,18
1678,15,27
1679,15,23
1680,15,14
1681,13,17
1682,16,24
1683,12,23
1684,13,22
1685,16,17
1686,10,27
1687,13,18
1688,18,26
1689,11,20
1690,12,17
1691,24,30
1692,10,18
1693,18,25
1694,17,13
1695,11,18
1696,14,17
1697,14,19
1698,17,20
1699,8,37
1700,17,22
1701,14,22
1702,12,28
1703,19,22
1704,15,19
1705,16,26
1706,14,22
1707,17,22
1708,11,13
1709,17,21
1710,18,21
1711,9,19
1712,13,21
1713,13,29
1714,16,19
1715,17,14
1716,11,24
1717,14,13
1718,21,24
1719,11,24
1720,16,18
1721,16,17
1722,11,23
1723,14,19
1724,19,18
1725,19,18
1726,18,19
1727,16,20
1728,12,19
1729,10,20
1730,12,15
1731,18,21
1732,14,20
1733,11,18
1734,16,19
1735,13,28
1736,16,23
1737,13,23
1738,15,21
1739,18,17
1740,12,19
1741,11,35
1742,16,22
1743,11,21
1744,14,21
1745,16,23
1746,12,18
1747,21,19
1748,14,27
1749,14,16
1750,17,21
1751,15,20
1752,6,24
1753,16,18
1754,14,27
1755,7,21
1756,11,12
1757,19,18
1758,14,20
1759,7,17
1760,21,22
1761,9,17
1762,15,22
1763,10,19
1764,10,12
1765,8,23
1766,18,17
1767,16,23
1768,21,33
1769,13,18
1770,18,16
1771,11,18
1772,14,16
1773,17,22
1774,10,15
1775,11,18
1776,8,19
1777,19,23
1778,14,28
1779,15,19
1780,21,16
1781,17,22
1782,19,19
1783,16,20
1784,15,16
1785,7,28
1786,25,14
1787,12,21
1788,11,18
1789,7,26
1790,15,21
1791,17,19
1792,11,22
1793,15,20
1794,10,17
1795,11,18
1796,14,24
1797,20,23
1798,13,18
1799,19,36
1800,11,18
1801,14,19
1802,8,22
1803,11,15
1804,16,27
1805,21,22
1806,12,23
1807,14,28
1808,9,25
1809,18,18
1810,15,18
1811,18,19
1812,19,15
1813,12,15
1814,8,25
1815,15,24
1816,20,22
1817,19,22
1818,17,24
1819,13,23
1820,13,24
1821,11,17
1822,12,20
1823,10,20
1824,14,18
1825,15,22
1826,11,11
1827,17,19
1828,9,18
1829,15,17
1830,14,14
1831,14,13
1832,10,24
1833,9,21
1834,15,22
1835,11,20
1836,19,22
1837,17,20
1838,17,17
1839,21,26
1840,13,13
1841,9,26
1842,8,17
1843,20,16
1844,9,22
1845,12,27
1846,12,26
1847,8,22
1848,12,29
1849,14,9
1850,13,25
1851,12,24
1852,13,23
1853,20,24
1854,9,18
1855,12,15
1856,12,19
1857,24,22
1858,8,23
1859,16,21
1860,15,27
1861,11,12
1862,9,12
1863,12,16
1864,14,26
1865,17,22
1866,14,15
1867,17,21
1868,13,14
1869,13,23
1870,6,25
1871,12,25
1872,10,17
1873,12,32
1874,11,23
1875,9,21
1876,10,17
1877,14,20
1878,11,28
1879,8,16
1880,12,18
1881,10,19
1882,18,30
1883,15,20
1884,12,23
1885,14,22
1886,11,23
1887,15,19
1888,13,16
1889,17,20
1890,11,19
1891,15,19
1892,10,21
1893,16,22
1894,11,26
1895,11,26
1896,17,19
1897,18,22
1898,10,28
1899,17,20
1900,16,28
1901,20,27
1902,14,23
1903,11,24
1904,19,20
1905,18,19
1906,17,14
1907,9,19
1908,15,21
1909,19,24
1910,15,15
1911,16,16
1912,18,28
1913,15,17
1914,16,27
1915,15,13
1916,8,24
1917,20,20
1918,11,22
1919,10,17
1920,17,24
1921,16,23
1922,12,20
1923,15,17
1924,12,24
1925,19,15
1926,15,23
1927,10,20
1928,14,27
1929,21,24
1930,15,15
1931,16,22
1932,10,20
1933,17,14
1934,10,16
1935,11,20
1936,9,19
1937,14,24
1938,5,26
1939,11,23
1940,13,12
1941,11,22
1942,15,15
1943,7,28
1944,10,16
1945,17,19
1946,11,12
1947,14,21
1948,23,29
1949,11,31
1950,10,22
1951,21,20
1952,13,17
1953,9,19
1954,11,24
1955,17,26
1956,16,22
1957,16,16
1958,20,15
1959,20,22
1960,11,16
1961,15,21
1962,13,18
1963,14,15
1964,17,18
1965,12,15
1966,11,19
1967,8,17
1968,14,12
1969,17,22
1970,14,14
1971,14,18
1972,18,25
1973,14,17
1974,11,18
1975,15,24
1976,15,27
1977,10,19
1978,12,15
1979,20,23
1980,12,22
1981,13,17
1982,8,23
1983,19,15
1984,19,23
1985,19,25
1986,13,37
1987,9,24
1988,17,22
1989,16,15
1990,21,27
1991,15,11
1992,17,25
1993,15,26
1994,19,13
1995,15,20
1996,9,18
1997,13,27
1998,13,26
1999,16,20
2000,16,22
2001,14,21
2002,18,23
2003,12,17
2004,8,27
2005,15,9
2006,15,19
2007,10,23
2008,6,16
2009,15,25
2010,13,17
2011,15,24
2012,13,20
2013,15,18
2014,18,19
2015,13,19
2016,16,17
2017,10,21
2018,23,23
2019,14,18
2020,14,18
2021,13,23
2022,21,21
2023,17,21
2024,27,13
2025,15,27
2026,11,21
2027,18,11
2028,14,24
2029,12,18
2030,6,14
2031,19,26
2032,7,8
2033,19,19
2034,10,16
2035,13,19
2036,9,28
2037,21,21
2038,17,19
2039,9,21
2040,12,17
2041,12,23
2042,10,14
2043,11,24
2044,12,20
2045,12,21
2046,9,15
2047,15,35
2048,16,17
2049,12,20
2050,19,23
2051,16,20
2052,7,24
2053,12,24
2054,11,22
2055,18,22
2056,9,16
2057,12,19
2058,15,17
2059,15,14
2060,15,17
2061,20,30
2062,10,17
2063,12,17
2064,11,23
2065,12,32
2066,12,16
2067,18,13
2068,9,16
2069,16,17
2070,11,20
2071,14,22
2072,15,25
2073,15,19
2074,18,28
2075,15,19
2076,14,17
2077,18,22
2078,12,22
2079,9,18
2080,13,18
2081,10,12
2082,15,30
2083,19,16
2084,16,22
2085,15,25
2086,14,21
2087,17,22
2088,11,10
2089,12,14
2090,24,16
2091,14,21
2092,13,22
2093,19,24
2094,10,15
2095,12,14
2096,15,17
2097,14,18
2098,15,21
2099,19,26
2100,5,27
2101,10,26
2102,19,23
2103,11,14
2104,16,22
2105,10,25
2106,17,20
2107,12,16
2108,21,26
2109,9,21
2110,15,25
2111,15,20
2112,17,22
2113,18,23
2114,10,18
2115,10,12
2116,13,15
2117,10,25
2118,11,17
2119,17,13
2120,11,21
2121,11,22
2122,6,20
2123,14,20
2124,22,28
2125,12,17
2126,9,25
2127,18,28
2128,10,15
2129,16,30
2130,8,22
2131,12,22
2132,18,15
2133,11,21
2134,14,26
2135,16,22
2136,16,15
2137,15,23
2138,14,20
2139,11,22
2140,14,15
2141,13,24
2142,13,10
2143,13,14
2144,12,23
2145,12,29
2146,8,23
2147,10,15
2148,10,16
2149,14,23
2150,16,24
2151,11,17
2152,17,28
2153,12,21
2154,17,17
2155,8,25
2156,10,18
2157,16,18
2158,12,26
2159,17,23
2160,21,14
2161,17,21
2162,10,24
2163,5,23
2164,16,21
2165,15,23
2166,15,24
2167,14,25
2168,11,20
2169,12,20
2170,18,29
2171,15,23
2172,13,30
2173,15,17
2174,19,18
2175,14,20
2176,9,16
2177,10,18
2178,23,15
2179,20,22
2180,16,18
2181,12,20
2182,13,28
2183,11,23
2184,22,23
2185,12,12
2186,21,27
2187,12,25
2188,17,17
2189,11,24
2190,12,19
2191,11,19
2192,10,27
2193,12,18
2194,12,22
2195,11,17
2196,12,15
2197,13,18
2198,9,15
2199,12,18
2200,14,23
2201,20,23
2202,12,27
2203,12,18
2204,15,24
2205,13,13
2206,13,21
2207,16,15
2208,15,15
2209,12,15
2210,19,23
2211,18,17
2212,8,19
2213,13,23
2214,14,23
2215,12,21
2216,11,26
2217,16,31
2218,7,26
2219,12,16
2220,7,25
2221,14,16
2222,8,16
2223,23,21
2224,12,23
2225,10,28
2226,10,28
2227,19,27
2228,12,16
2229,12,25
2230,16,19
2231,16,20
2232,11,17
2233,19,20
2234,16,15
2235,10,18
2236,18,24
2237,12,18
2238,9,16
2239,15,21
2240,15,25
2241,16,25
2242,13,17
2243,16,12
2244,16,30
2245,9,22
2246,19,29
2247,16,20
2248,12,21
2249,16,26
2250,12,20
2251,13,20
2252,16,24
2253,10,22
2254,16,24
2255,9,25
2256,14,17
2257,9,30
2258,23,24
2259,18,19
2260,11,18
2261,11,22
2262,10,23
2263,18,17
2264,13,19
2265,14,17
2266,13,26
2267,18,11
2268,20,23
2269,16,22
2270,16,19
2271,10,21
2272,10,19
2273,12,22
2274,16,16
2275,14,27
2276,14,23
2277,15,15
2278,16,16
2279,10,23
2280,9,19
2281,13,11
2282,26,19
2283,11,25
2284,16,29
2285,18,17
2286,8,22
2287,10,19
2288,16,16
2289,14,26
2290,12,22
2291,17,15
2292,15,21
2293,12,16
2294,19,21
2295,8,20
2296,9,25
2297,15,21
2298,7,22
2299,13,17
2300,11,21
2301,11,15
2302,21,24
2303,11,12
2304,22,17
2305,13,21
2306,12,16
2307,12,23
2308,18,28
2309,24,22
2310,17,32
2311,14,23
2312,17,18
2313,16,15
2314,14,18
2315,15,15
2316,16,21
2317,25,17
2318,11,18
2319,18,24
2320,17,22
2321,16,22
2322,7,21
2323,11,16
2324,18,26
2325,15,25
2326,17,16
2327,15,21
2328,18,19
2329,21,15
2330,9,16
2331,13,10
2332,12,16
2333,16,29
2334,13,25
2335,12,21
2336,7,19
2337,16,23
2338,9,25
2339,11,26
2340,15,25
2341,15,12
2342,19,19
2343,14,18
2344,10,20
2345,16,19
2346,15,18
2347,15,22
2348,11,18
2349,13,21
2350,15,21
2351,20,20
2352,13,22
2353,17,14
2354,13,23
2355,5,22
2356,15,21
2357,19,28
2358,18,31
2359,14,19
2360,13,25
2361,11,16
2362,15,23
2363,15,20
2364,17,10
2365,13,16
2366,8,27
2367,18,15
2368,13,22
2369,16,26
2370,9,17
2371,20,20
2372,10,16
2373,18,20
2374,17,31
2375,18,23
2376,17,19
2377,10,18
2378,14,23
2379,11,18
2380,16,22
2381,13,21
2382,15,23
2383,9,17
2384,15,24
2385,7,20
2386,19,13
2387,16,22
2388,11,18
2389,17,10
2390,15,14
2391,17,16
2392,15,24
2393,14,21
2394,13,26
2395,18,20
2396,14,16
2397,17,23
2398,15,25
2399,15,17
2400,8,22
2401,16,25
2402,10,27
2403,14,21
2404,16,17
2405,17,18
2406,13,12
2407,12,20
2408,17,22
2409,14,24
2410,11,14
2411,14,12
2412,12,27
2413,16,18
2414,10,25
2415,12,22
2416,15,18
2417,10,15
2418,13,22
2419,10,14
2420,19,17
2421,16,16
2422,18,18
2423,9,27
2424,13,18
2425,16,21
2426,13,18
2427,16,26
2428,13,26
2429,23,22
2430,14,17
2431,15,25
2432,11,19
2433,13,18
2434,10,15
2435,19,19
2436,8,23
2437,15,13
2438,18,16
2439,6,23
2440,17,21
2441,15,21
2442,10,22
2443,13,19
2444,13,23
2445,17,18
2446,10,18
2447,18,23
2448,15,19
2449,22,20
2450,18,23
2451,15,19
2452,14,19
2453,13,33
2454,16,25
2455,15,25
2456,17,28
2457,17,22
2458,15,16
2459,18,21
2460,15,27
2461,16,27
2462,16,22
2463,17,25
2464,16,23
2465,15,9
2466,22,25
2467,9,18
2468,10,22
2469,10,24
2470,15,24
2471,15,21
2472,15,19
2473,11,17
2474,13,22
2475,12,18
2476,15,24
2477,17,24
2478,13,20
2479,11,20
2480,13,25
2481,21,16
2482,17,17
2483,8,16
2484,10,13
2485,11,22
2486,13,22
2487,17,14
2488,12,17
2489,10,13
2490,13,27
2491,17,21
2492,12,22
2493,12,24
2494,5,21
2495,13,28
2496,11,21
2497,15,23
2498,19,24
2499,13,23
2500,11,24
2501,15,15
2502,16,21
2503,13,21
2504,12,15
2505,10,15
2506,16,20
2507,12,20
2508,16,20
2509,16,20
2510,12,29
2511,19,13
2512,21,23
2513,9,23
2514,13,22
2515,15,22
2516,16,22
2517,17,19
2518,18,19
2519,12,17
2520,19,27
2521,8,21
2522,11,24
2523,13,23
2524,21,24
2525,9,14
2526,9,14
2527,16,21
2528,19,26
2529,16,28
2530,15,22
2531,9,10
2532,14,18
2533,14,16
2534,13,25
2535,6,21
2536,15,21
2537,17,19
2538,9,22
2539,14,21
2540,12,22
2541,11,21
2542,7,14
2543,19,22
2544,14,15
2545,7,15
2546,17,15
2547,14,19
2548,21,15
2549,11,22
2550,7,25
2551,18,19
2552,10,19
2553,8,21
2554,15,20
2555,13,10
2556,12,20
2557,17,26
2558,13,23
2559,10,15
2560,12,16
2561,12,12
2562,17,24
2563,18,27
2564,8,27
2565,16,16
2566,14,20
2567,7,21
2568,23,25
2569,17,18
2570,11,14
2571,14,29
2572,14,26
2573,13,17
2574,14,22
2575,13,24
2576,8,21
2577,13,28
2578,13,16
2579,19,20
2580,9,24
2581,13,27
2582,10,26
2583,14,27
2584,22,27
2585,13,22
2586,19,15
2587,13,20
2588,11,18
2589,21,19
2590,17,24
2591,17,13
2592,10,20
2593,15,21
2594,14,24
2595,12,14
2596,19,19
2597,19,13
2598,15,15
2599,17,14
2600,11,20
2601,14,16
2602,13,16
2603,17,21
2604,22,24
2605,16,23
2606,11,16
2607,15,6
2608,16,23
2609,9,19
2610,14,22
2611,10,16
2612,22,17
2613,14,25
2614,15,22
2615,12,29
2616,11,27
2617,19,14
2618,16,16
2619,13,28
2620,5,22
2621,21,23
2622,16,23
2623,17,26
2624,14,24
2625,14,24
2626,13,22
2627,10,17
2628,18,28
2629,12,25
2630,14,14
2631,12,28
2632,11,17
2633,16,19
2634,20,23
2635,18,14
2636,19,20
2637,20,18
2638,17,18
2639,16,19
2640,18,20
2641,13,11
2642,8,26
2643,10,27
2644,11,24
2645,9,26
2646,12,17
2647,7,20
2648,12,18
2649,15,19
2650,9,12
2651,15,23
2652,14,22
2653,13,23
2654,13,27
2655,17,17
2656,14,26
2657,16,13
2658,14,20
2659,12,26
2660,12,20
2661,14,23
2662,16,25
2663,8,24
2664,17,20
2665,17,16
2666,11,14
2667,14,21
2668,11,18
2669,12,24
2670,15,15
2671,17,19
2672,11,22
2673,17,23
2674,21,18
2675,17,19
2676,10,27
2677,9,22
2678,11,27
2679,10,25
2680,16,17
2681,10,22
2682,12,16
2683,20,17
2684,12,20
2685,11,17
2686,17,20
2687,21,17
2688,18,26
2689,16,21
2690,14,23
2691,9,16
2692,11,16
2693,14,31
2694,10,18
2695,13,18
2696,6,19
2697,14,19
2698,9,19
2699,11,29
2700,23,20
2701,10,14
2702,8,16
2703,4,20
2704,12,26
2705,17,22
2706,16,23
2707,11,14
2708,15,22
2709,11,22
2710,16,21
2711,16,25
2712,15,18
2713,6,17
2714,10,23
2715,12,27
2716,9,24
2717,12,20
2718,16,17
2719,13,27
2720,12,29
2721,12,21
2722,11,23
2723,15,19
2724,12,19
2725,13,21
2726,15,18
2727,14,23
2728,18,13
2729,19,16
2730,10,20
2731,14,10
2732,17,29
2733,17,13
2734,6,21
2735,19,17
2736,13,19
2737,10,21
2738,14,16
2739,10,23
2740,18,27
2741,15,25
2742,15,17
2743,15,19
2744,12,22
2745,15,20
2746,8,17
2747,11,22
2748,8,19
2749,12,22
2750,12,24
2751,14,22
2752,16,17
2753,14,23
2754,13,17
2755,17,21
2756,15,26
2757,14,37
2758,12,19
2759,9,22
2760,15,17
2761,20,25
2762,18,15
2763,12,20
2764,17,22
2765,12,19
2766,14,25
2767,14,29
2768,16,20
2769,14,26
2770,13,19
2771,9,18
2772,9,15
2773,16,20
2774,12,19
2775,17,19
2776,14,19
2777,5,25
2778,16,20
2779,12,13
2780,10,24
2781,9,19
2782,27,26
2783,16,24
2784,14,23
2785,11,25
2786,20,21
2787,17,22
2788,22,18
2789,9,18
2790,12,20
2791,12,20
2792,10,23
2793,13,20
2794,15,19
2795,14,15
2796,16,14
2797,15,22
2798,14,14
2799,13,13
2800,19,19
2801,12,26
2802,21,19
2803,14,30
2804,9,16
2805,16,24
2806,14,31
2807,12,24
2808,15,13
2809,12,25
2810,18,22
2811,10,25
2812,17,15
2813,13,15
2814,10,22
2815,11,20
2816,14,24
2817,15,22
2818,16,17
2819,11,22
2820,20,20
2821,8,23
2822,12,21
2823,15,21
2824,11,20
2825,10,25
2826,6,26
2827,13,14
2828,18,22
2829,17,20
2830,21,25
2831,8,20
2832,26,21
2833,24,23
2834,22,30
2835,16,27
2836,10,20
2837,15,18
2838,9,20
2839,12,20
2840,10,20
2841,12,20
2842,11,29
2843,8,22
2844,11,25
2845,14,26
2846,16,29
2847,18,18
2848,16,20
2849,13,18
2850,11,21
2851,12,24
2852,23,20
2853,17,22
2854,21,25
2855,15,22
2856,12,10
2857,11,29
2858,10,24
2859,13,18
2860,13,20
2861,13,25
2862,8,13
2863,17,22
2864,12,16
2865,22,25
2866,19,26
2867,14,18
2868,19,20
2869,19,23
2870,20,25
2871,12,16
2872,16,12
2873,11,13
2874,19,24
2875,14,17
2876,13,22
2877,21,18
2878,18,23
2879,19,26
2880,19,24
2881,8,18
2882,9,27
2883,13,19
2884,15,21
2885,17,16
2886,12,14
2887,17,18
2888,10,13
2889,17,18
2890,14,21
2891,11,16
2892,13,26
2893,12,20
2894,10,23
2895,11,26
2896,15,19
2897,13,22
2898,13,29
2899,14,21
2900,16,23
2901,15,25
2902,21,21
2903,10,11
2904,16,24
2905,11,20
2906,18,16
2907,8,21
2908,21,22
2909,12,16
2910,10,16
2911,11,22
2912,15,23
2913,14,28
2914,15,11
2915,14,23
2916,7,18
2917,16,23
2918,15,22
2919,10,17
2920,13,20
2921,15,24
2922,13,14
2923,18,25
2924,12,14
2925,12,14
2926,15,20
2927,13,19
2928,14,15
2929,18,19
2930,21,21
2931,16,24
2932,15,17
2933,10,13
2934,10,29
2935,14,23
2936,13,22
2937,13,15
2938,12,21
2939,10,18
2940,16,25
2941,18,18
2942,15,17
2943,16,23
2944,15,17
2945,24,18
2946,17,12
2947,8,24
2948,14,17
2949,14,20
2950,14,15
2951,19,18
2952,19,26
2953,10,25
2954,12,21
2955,16,18
2956,13,12
2957,9,23
2958,12,24
2959,11,13
2960,14,16
2961,14,23
2962,14,23
2963,11,22
2964,12,18
2965,19,31
2966,16,22
2967,16,15
2968,13,13
2969,15,25
2970,11,24
2971,14,16
2972,17,17
2973,14,26
2974,14,15
2975,16,20
2976,15,25
2977,14,10
2978,13,26
2979,20,26
2980,12,21
2981,14,21
2982,13,16
2983,19,20
2984,11,18
2985,15,23
2986,15,33
2987,18,26
2988,18,22
2989,13,24
2990,14,21
2991,20,26
2992,20,33
2993,15,19
2994,13,14
2995,12,21
2996,15,28
2997,9,33
2998,8,20
2999,11,21
