Time(Iteration),CLCB_Attack
0,0
1,0
2,0
3,0
4,0
5,0
6,0
7,0
8,0
9,0
10,0
11,0
12,0
13,0
14,0
15,0
16,0
17,0
18,0
19,0
20,0
21,0
22,0
23,0
24,0
25,0
26,0
27,0
28,0
29,0
30,0
31,0
32,0
33,0
34,0
35,0
36,0
37,0
38,0
39,0
40,0
41,0
42,0
43,0
44,0
45,0
46,0
47,0
48,0
49,0
50,0
51,0
52,0
53,0
54,0
55,0
56,0
57,0
58,0
59,0
60,0
61,0
62,0
63,0
64,0
65,0
66,1
67,1
68,1
69,1
70,1
71,1
72,1
73,1
74,1
75,1
76,1
77,2
78,2
79,3
80,4
81,5
82,5
83,5
84,5
85,5
86,5
87,5
88,6
89,7
90,7
91,7
92,7
93,7
94,7
95,7
96,7
97,7
98,7
99,7
100,7
101,7
102,8
103,8
104,9
105,10
106,11
107,12
108,13
109,14
110,15
111,15
112,16
113,17
114,18
115,19
116,20
117,21
118,22
119,23
120,24
121,24
122,25
123,26
124,27
125,28
126,29
127,30
128,30
129,30
130,31
131,32
132,33
133,34
134,35
135,36
136,36
137,37
138,37
139,38
140,38
141,39
142,39
143,39
144,39
145,40
146,40
147,40
148,41
149,42
150,43
151,44
152,45
153,46
154,47
155,47
156,48
157,49
158,50
159,50
160,50
161,50
162,50
163,50
164,50
165,50
166,50
167,50
168,50
169,50
170,51
171,52
172,53
173,54
174,55
175,56
176,57
177,58
178,59
179,60
180,61
181,61
182,61
183,61
184,61
185,62
186,63
187,64
188,65
189,66
190,67
191,68
192,69
193,70
194,71
195,72
196,73
197,74
198,75
199,76
200,77
201,78
202,79
203,80
204,81
205,82
206,82
207,82
208,82
209,82
210,82
211,83
212,84
213,85
214,85
215,85
216,86
217,87
218,88
219,88
220,88
221,88
222,88
223,89
224,90
225,91
226,92
227,93
228,94
229,95
230,96
231,97
232,98
233,99
234,100
235,101
236,101
237,102
238,103
239,104
240,105
241,106
242,107
243,107
244,107
245,107
246,107
247,107
248,107
249,107
250,108
251,109
252,109
253,109
254,109
255,109
256,109
257,110
258,111
259,112
260,113
261,114
262,115
263,116
264,117
265,118
266,119
267,120
268,121
269,122
270,123
271,124
272,125
273,126
274,127
275,128
276,129
277,130
278,131
279,132
280,133
281,134
282,135
283,136
284,136
285,136
286,137
287,138
288,139
289,140
290,141
291,142
292,143
293,144
294,145
295,145
296,145
297,146
298,147
299,148
300,149
301,150
302,151
303,152
304,153
305,154
306,155
307,156
308,157
309,158
310,159
311,159
312,159
313,159
314,159
315,159
316,160
317,161
318,162
319,163
320,164
321,165
322,166
323,167
324,168
325,169
326,170
327,171
328,172
329,173
330,174
331,175
332,176
333,177
334,177
335,178
336,179
337,180
338,181
339,182
340,183
341,184
342,185
343,186
344,187
345,188
346,189
347,190
348,191
349,192
350,193
351,194
352,195
353,196
354,197
355,198
356,199
357,200
358,201
359,202
360,202
361,202
362,203
363,204
364,205
365,206
366,207
367,208
368,209
369,210
370,211
371,212
372,213
373,214
374,215
375,216
376,217
377,218
378,219
379,220
380,221
381,222
382,223
383,224
384,225
385,226
386,227
387,228
388,229
389,230
390,231
391,232
392,232
393,232
394,232
395,233
396,234
397,235
398,236
399,237
400,238
401,239
402,240
403,241
404,242
405,243
406,244
407,245
408,246
409,247
410,248
411,249
412,250
413,251
414,252
415,253
416,254
417,255
418,256
419,257
420,258
421,258
422,258
423,258
424,259
425,259
426,260
427,261
428,262
429,263
430,264
431,265
432,266
433,267
434,268
435,269
436,270
437,271
438,272
439,273
440,274
441,275
442,276
443,277
444,278
445,279
446,280
447,281
448,282
449,283
450,284
451,285
452,286
453,287
454,288
455,289
456,290
457,291
458,292
459,293
460,294
461,295
462,296
463,297
464,298
465,299
466,300
467,301
468,302
469,303
470,304
471,305
472,306
473,307
474,308
475,309
476,310
477,311
478,312
479,313
480,314
481,315
482,316
483,317
484,318
485,319
486,320
487,321
488,322
489,322
490,323
491,324
492,325
493,326
494,326
495,327
496,328
497,329
498,330
499,331
500,332
501,333
502,334
503,334
504,334
505,335
506,336
507,337
508,338
509,338
510,338
511,338
512,339
513,340
514,341
515,342
516,343
517,344
518,345
519,346
520,347
521,348
522,349
523,350
524,351
525,352
526,353
527,354
528,355
529,356
530,357
531,358
532,359
533,360
534,361
535,362
536,363
537,364
538,365
539,366
540,367
541,368
542,369
543,370
544,371
545,372
546,373
547,374
548,375
549,376
550,377
551,378
552,379
553,380
554,381
555,382
556,383
557,384
558,385
559,386
560,387
561,388
562,388
563,388
564,389
565,390
566,391
567,392
568,393
569,394
570,395
571,396
572,397
573,398
574,399
575,400
576,401
577,402
578,403
579,404
580,405
581,406
582,407
583,408
584,409
585,410
586,411
587,412
588,413
589,414
590,415
591,416
592,417
593,418
594,419
595,420
596,421
597,422
598,423
599,424
600,425
601,426
602,427
603,428
604,429
605,430
606,431
607,432
608,433
609,434
610,435
611,436
612,437
613,438
614,439
615,440
616,441
617,442
618,443
619,444
620,445
621,446
622,447
623,448
624,449
625,450
626,451
627,451
628,451
629,452
630,453
631,454
632,455
633,456
634,457
635,458
636,459
637,460
638,461
639,462
640,463
641,464
642,465
643,466
644,467
645,468
646,469
647,470
648,471
649,472
650,473
651,474
652,475
653,476
654,477
655,478
656,479
657,480
658,481
659,482
660,483
661,484
662,485
663,486
664,487
665,488
666,489
667,490
668,491
669,492
670,493
671,494
672,495
673,496
674,497
675,498
676,499
677,500
678,501
679,502
680,503
681,504
682,505
683,506
684,507
685,508
686,509
687,510
688,511
689,512
690,513
691,514
692,515
693,516
694,517
695,518
696,519
697,520
698,521
699,522
700,523
701,524
702,525
703,526
704,527
705,528
706,529
707,530
708,531
709,532
710,533
711,534
712,535
713,536
714,537
715,538
716,539
717,540
718,541
719,542
720,543
721,544
722,545
723,546
724,547
725,548
726,549
727,550
728,551
729,552
730,553
731,554
732,555
733,556
734,557
735,558
736,559
737,560
738,561
739,562
740,563
741,564
742,565
743,566
744,567
745,568
746,569
747,570
748,571
749,572
750,573
751,574
752,575
753,576
754,577
755,578
756,579
757,580
758,581
759,582
760,583
761,584
762,585
763,586
764,587
765,588
766,589
767,590
768,591
769,592
770,593
771,594
772,595
773,596
774,597
775,598
776,599
777,599
778,600
779,601
780,602
781,603
782,604
783,605
784,606
785,607
786,608
787,609
788,610
789,611
790,612
791,613
792,614
793,615
794,616
795,617
796,618
797,619
798,620
799,621
800,622
801,623
802,624
803,625
804,626
805,627
806,628
807,629
808,630
809,631
810,632
811,633
812,634
813,635
814,636
815,637
816,638
817,639
818,640
819,641
820,642
821,643
822,644
823,645
824,646
825,647
826,648
827,649
828,650
829,651
830,652
831,653
832,654
833,655
834,656
835,657
836,658
837,659
838,660
839,661
840,662
841,663
842,664
843,665
844,666
845,667
846,668
847,669
848,670
849,671
850,672
851,673
852,674
853,675
854,676
855,677
856,678
857,679
858,680
859,681
860,682
861,683
862,684
863,685
864,686
865,687
866,688
867,689
868,690
869,691
870,692
871,693
872,694
873,695
874,696
875,697
876,698
877,699
878,700
879,701
880,702
881,702
882,703
883,704
884,705
885,706
886,707
887,708
888,709
889,710
890,711
891,712
892,713
893,714
894,715
895,716
896,717
897,718
898,719
899,720
900,721
901,722
902,723
903,724
904,725
905,726
906,727
907,728
908,729
909,730
910,731
911,732
912,733
913,734
914,735
915,736
916,737
917,738
918,739
919,740
920,741
921,742
922,743
923,744
924,745
925,746
926,747
927,748
928,749
929,750
930,751
931,752
932,753
933,754
934,755
935,756
936,757
937,758
938,759
939,760
940,761
941,762
942,763
943,764
944,765
945,766
946,767
947,768
948,769
949,770
950,771
951,772
952,773
953,774
954,775
955,776
956,777
957,778
958,779
959,780
960,781
961,782
962,783
963,784
964,785
965,786
966,787
967,788
968,789
969,790
970,791
971,792
972,793
973,794
974,795
975,796
976,797
977,798
978,799
979,800
980,801
981,802
982,803
983,804
984,805
985,806
986,807
987,808
988,809
989,810
990,811
991,812
992,813
993,814
994,815
995,816
996,817
997,818
998,819
999,820
1000,821
1001,822
1002,823
1003,824
1004,825
1005,826
1006,827
1007,828
1008,829
1009,830
1010,831
1011,832
1012,833
1013,834
1014,835
1015,836
1016,837
1017,838
1018,839
1019,840
1020,841
1021,842
1022,843
1023,844
1024,845
1025,846
1026,847
1027,848
1028,849
1029,850
1030,851
1031,852
1032,853
1033,854
1034,855
1035,856
1036,857
1037,858
1038,859
1039,860
1040,861
1041,862
1042,863
1043,864
1044,865
1045,866
1046,867
1047,868
1048,869
1049,870
1050,871
1051,872
1052,873
1053,874
1054,875
1055,876
1056,877
1057,878
1058,879
1059,880
1060,881
1061,882
1062,883
1063,884
1064,885
1065,886
1066,887
1067,888
1068,889
1069,890
1070,891
1071,892
1072,893
1073,894
1074,895
1075,896
1076,897
1077,898
1078,899
1079,900
1080,901
1081,902
1082,903
1083,904
1084,905
1085,906
1086,907
1087,908
1088,909
1089,910
1090,911
1091,912
1092,913
1093,914
1094,915
1095,916
1096,917
1097,918
1098,919
1099,920
1100,921
1101,922
1102,923
1103,924
1104,925
1105,926
1106,927
1107,928
1108,929
1109,930
1110,931
1111,932
1112,933
1113,934
1114,935
1115,936
1116,937
1117,938
1118,939
1119,940
1120,941
1121,942
1122,943
1123,944
1124,945
1125,946
1126,947
1127,948
1128,949
1129,950
1130,951
1131,952
1132,953
1133,954
1134,955
1135,956
1136,957
1137,958
1138,959
1139,960
1140,961
1141,962
1142,963
1143,964
1144,965
1145,966
1146,967
1147,968
1148,969
1149,970
1150,971
1151,972
1152,973
1153,974
1154,975
1155,976
1156,977
1157,978
1158,979
1159,980
1160,981
1161,982
1162,983
1163,984
1164,985
1165,986
1166,987
1167,988
1168,989
1169,990
1170,991
1171,992
1172,993
1173,994
1174,995
1175,996
1176,997
1177,998
1178,999
1179,1000
1180,1001
1181,1002
1182,1003
1183,1004
1184,1005
1185,1006
1186,1007
1187,1008
1188,1009
1189,1010
1190,1011
1191,1012
1192,1013
1193,1014
1194,1015
1195,1016
1196,1017
1197,1018
1198,1019
1199,1020
1200,1021
1201,1022
1202,1023
1203,1024
1204,1025
1205,1026
1206,1027
1207,1028
1208,1029
1209,1030
1210,1031
1211,1032
1212,1033
1213,1034
1214,1035
1215,1036
1216,1037
1217,1038
1218,1039
1219,1040
1220,1041
1221,1042
1222,1043
1223,1044
1224,1045
1225,1046
1226,1047
1227,1048
1228,1049
1229,1050
1230,1051
1231,1052
1232,1053
1233,1054
1234,1055
1235,1056
1236,1057
1237,1058
1238,1059
1239,1060
1240,1061
1241,1062
1242,1063
1243,1064
1244,1065
1245,1066
1246,1067
1247,1068
1248,1069
1249,1070
1250,1071
1251,1072
1252,1073
1253,1074
1254,1075
1255,1076
1256,1077
1257,1078
1258,1079
1259,1080
1260,1081
1261,1082
1262,1083
1263,1084
1264,1085
1265,1086
1266,1087
1267,1088
1268,1089
1269,1090
1270,1091
1271,1092
1272,1093
1273,1094
1274,1095
1275,1096
1276,1097
1277,1098
1278,1099
1279,1100
1280,1101
1281,1102
1282,1103
1283,1104
1284,1105
1285,1106
1286,1107
1287,1108
1288,1109
1289,1110
1290,1110
1291,1110
1292,1111
1293,1112
1294,1113
1295,1114
1296,1115
1297,1116
1298,1117
1299,1118
1300,1119
1301,1120
1302,1121
1303,1122
1304,1123
1305,1124
1306,1125
1307,1126
1308,1127
1309,1128
1310,1129
1311,1130
1312,1131
1313,1132
1314,1133
1315,1134
1316,1135
1317,1136
1318,1137
1319,1138
1320,1139
1321,1140
1322,1141
1323,1142
1324,1143
1325,1144
1326,1145
1327,1146
1328,1147
1329,1148
1330,1149
1331,1150
1332,1151
1333,1152
1334,1153
1335,1154
1336,1155
1337,1156
1338,1157
1339,1158
1340,1159
1341,1160
1342,1161
1343,1162
1344,1163
1345,1164
1346,1165
1347,1166
1348,1167
1349,1168
1350,1169
1351,1170
1352,1171
1353,1172
1354,1173
1355,1174
1356,1175
1357,1176
1358,1177
1359,1178
1360,1179
1361,1180
1362,1181
1363,1182
1364,1183
1365,1184
1366,1185
1367,1186
1368,1187
1369,1188
1370,1189
1371,1190
1372,1191
1373,1192
1374,1193
1375,1194
1376,1195
1377,1196
1378,1197
1379,1198
1380,1199
1381,1200
1382,1201
1383,1202
1384,1203
1385,1204
1386,1205
1387,1206
1388,1207
1389,1208
1390,1209
1391,1210
1392,1211
1393,1212
1394,1213
1395,1214
1396,1215
1397,1216
1398,1217
1399,1218
1400,1219
1401,1220
1402,1221
1403,1222
1404,1223
1405,1224
1406,1225
1407,1226
1408,1227
1409,1228
1410,1229
1411,1230
1412,1231
1413,1232
1414,1233
1415,1234
1416,1235
1417,1236
1418,1237
1419,1238
1420,1239
1421,1240
1422,1241
1423,1242
1424,1243
1425,1244
1426,1245
1427,1246
1428,1247
1429,1248
1430,1249
1431,1250
1432,1251
1433,1252
1434,1253
1435,1254
1436,1255
1437,1256
1438,1257
1439,1258
1440,1259
1441,1260
1442,1261
1443,1262
1444,1263
1445,1264
1446,1265
1447,1266
1448,1267
1449,1268
1450,1269
1451,1270
1452,1271
1453,1272
1454,1273
1455,1274
1456,1275
1457,1276
1458,1277
1459,1278
1460,1279
1461,1280
1462,1281
1463,1282
1464,1283
1465,1284
1466,1285
1467,1286
1468,1287
1469,1288
1470,1289
1471,1290
1472,1291
1473,1292
1474,1293
1475,1294
1476,1295
1477,1296
1478,1297
1479,1298
1480,1299
1481,1300
1482,1301
1483,1302
1484,1303
1485,1304
1486,1305
1487,1306
1488,1307
1489,1308
1490,1309
1491,1310
1492,1311
1493,1312
1494,1313
1495,1314
1496,1315
1497,1316
1498,1317
1499,1318
1500,1319
1501,1320
1502,1321
1503,1322
1504,1323
1505,1324
1506,1325
1507,1326
1508,1327
1509,1328
1510,1329
1511,1330
1512,1331
1513,1332
1514,1333
1515,1334
1516,1335
1517,1336
1518,1337
1519,1338
1520,1339
1521,1340
1522,1341
1523,1342
1524,1343
1525,1344
1526,1345
1527,1346
1528,1347
1529,1348
1530,1349
1531,1350
1532,1351
1533,1352
1534,1353
1535,1354
1536,1355
1537,1356
1538,1357
1539,1358
1540,1359
1541,1360
1542,1361
1543,1362
1544,1363
1545,1364
1546,1365
1547,1366
1548,1367
1549,1368
1550,1369
1551,1370
1552,1371
1553,1372
1554,1373
1555,1374
1556,1375
1557,1376
1558,1377
1559,1378
1560,1379
1561,1380
1562,1381
1563,1382
1564,1383
1565,1384
1566,1385
1567,1386
1568,1387
1569,1388
1570,1389
1571,1390
1572,1391
1573,1392
1574,1393
1575,1394
1576,1395
1577,1396
1578,1397
1579,1398
1580,1399
1581,1400
1582,1401
1583,1402
1584,1403
1585,1404
1586,1405
1587,1406
1588,1407
1589,1408
1590,1409
1591,1410
1592,1411
1593,1412
1594,1413
1595,1414
1596,1415
1597,1416
1598,1417
1599,1418
1600,1419
1601,1420
1602,1421
1603,1422
1604,1423
1605,1424
1606,1425
1607,1426
1608,1427
1609,1428
1610,1429
1611,1430
1612,1431
1613,1432
1614,1433
1615,1434
1616,1435
1617,1436
1618,1437
1619,1438
1620,1439
1621,1440
1622,1441
1623,1442
1624,1443
1625,1444
1626,1445
1627,1446
1628,1447
1629,1448
1630,1449
1631,1450
1632,1451
1633,1452
1634,1453
1635,1454
1636,1455
1637,1456
1638,1457
1639,1458
1640,1459
1641,1460
1642,1461
1643,1462
1644,1463
1645,1464
1646,1465
1647,1466
1648,1467
1649,1468
1650,1469
1651,1470
1652,1471
1653,1472
1654,1473
1655,1474
1656,1475
1657,1476
1658,1477
1659,1478
1660,1479
1661,1480
1662,1481
1663,1482
1664,1483
1665,1484
1666,1485
1667,1486
1668,1487
1669,1488
1670,1489
1671,1490
1672,1491
1673,1492
1674,1493
1675,1494
1676,1495
1677,1496
1678,1497
1679,1498
1680,1499
1681,1500
1682,1501
1683,1502
1684,1503
1685,1504
1686,1505
1687,1506
1688,1507
1689,1508
1690,1509
1691,1510
1692,1511
1693,1512
1694,1513
1695,1514
1696,1515
1697,1516
1698,1517
1699,1518
1700,1519
1701,1520
1702,1521
1703,1522
1704,1523
1705,1524
1706,1525
1707,1526
1708,1527
1709,1528
1710,1529
1711,1530
1712,1531
1713,1532
1714,1533
1715,1534
1716,1535
1717,1536
1718,1537
1719,1538
1720,1539
1721,1540
1722,1541
1723,1542
1724,1543
1725,1544
1726,1545
1727,1546
1728,1547
1729,1548
1730,1549
1731,1550
1732,1551
1733,1552
1734,1553
1735,1554
1736,1555
1737,1556
1738,1557
1739,1558
1740,1559
1741,1560
1742,1561
1743,1562
1744,1563
1745,1564
1746,1565
1747,1566
1748,1567
1749,1568
1750,1569
1751,1570
1752,1571
1753,1572
1754,1573
1755,1574
1756,1575
1757,1576
1758,1577
1759,1578
1760,1579
1761,1580
1762,1581
1763,1582
1764,1583
1765,1584
1766,1585
1767,1586
1768,1587
1769,1588
1770,1589
1771,1590
1772,1591
1773,1592
1774,1593
1775,1594
1776,1595
1777,1596
1778,1597
1779,1598
1780,1599
1781,1600
1782,1601
1783,1602
1784,1603
1785,1604
1786,1605
1787,1606
1788,1607
1789,1608
1790,1609
1791,1610
1792,1611
1793,1612
1794,1613
1795,1614
1796,1615
1797,1616
1798,1617
1799,1618
1800,1619
1801,1620
1802,1621
1803,1622
1804,1623
1805,1624
1806,1625
1807,1626
1808,1627
1809,1628
1810,1629
1811,1630
1812,1631
1813,1632
1814,1633
1815,1634
1816,1635
1817,1636
1818,1637
1819,1638
1820,1639
1821,1640
1822,1641
1823,1642
1824,1643
1825,1644
1826,1645
1827,1646
1828,1647
1829,1648
1830,1649
1831,1650
1832,1651
1833,1652
1834,1653
1835,1654
1836,1655
1837,1656
1838,1657
1839,1658
1840,1659
1841,1660
1842,1661
1843,1662
1844,1663
1845,1664
1846,1665
1847,1666
1848,1667
1849,1668
1850,1669
1851,1670
1852,1671
1853,1672
1854,1673
1855,1674
1856,1675
1857,1676
1858,1677
1859,1678
1860,1679
1861,1680
1862,1681
1863,1682
1864,1683
1865,1684
1866,1685
1867,1686
1868,1687
1869,1688
1870,1689
1871,1690
1872,1691
1873,1692
1874,1693
1875,1694
1876,1695
1877,1696
1878,1697
1879,1698
1880,1699
1881,1700
1882,1701
1883,1702
1884,1703
1885,1704
1886,1705
1887,1706
1888,1707
1889,1708
1890,1709
1891,1710
1892,1711
1893,1712
1894,1713
1895,1714
1896,1715
1897,1716
1898,1717
1899,1718
1900,1719
1901,1720
1902,1721
1903,1722
1904,1723
1905,1724
1906,1725
1907,1726
1908,1727
1909,1728
1910,1729
1911,1730
1912,1731
1913,1732
1914,1733
1915,1734
1916,1735
1917,1736
1918,1737
1919,1738
1920,1739
1921,1740
1922,1741
1923,1742
1924,1743
1925,1744
1926,1745
1927,1746
1928,1747
1929,1748
1930,1749
1931,1750
1932,1751
1933,1752
1934,1753
1935,1754
1936,1755
1937,1756
1938,1757
1939,1758
1940,1759
1941,1760
1942,1761
1943,1762
1944,1763
1945,1764
1946,1765
1947,1766
1948,1767
1949,1768
1950,1769
1951,1770
1952,1771
1953,1772
1954,1773
1955,1774
1956,1775
1957,1776
1958,1777
1959,1778
1960,1779
1961,1780
1962,1781
1963,1782
1964,1783
1965,1784
1966,1785
1967,1786
1968,1787
1969,1788
1970,1789
1971,1790
1972,1791
1973,1792
1974,1793
1975,1794
1976,1795
1977,1796
1978,1797
1979,1798
1980,1799
1981,1800
1982,1801
1983,1802
1984,1803
1985,1804
1986,1805
1987,1806
1988,1807
1989,1808
1990,1809
1991,1810
1992,1811
1993,1812
1994,1813
1995,1814
1996,1815
1997,1816
1998,1817
1999,1818
2000,1819
2001,1820
2002,1821
2003,1822
2004,1823
2005,1824
2006,1825
2007,1826
2008,1827
2009,1828
2010,1829
2011,1830
2012,1831
2013,1832
2014,1833
2015,1834
2016,1835
2017,1836
2018,1837
2019,1838
2020,1839
2021,1840
2022,1841
2023,1842
2024,1843
2025,1844
2026,1845
2027,1846
2028,1847
2029,1848
2030,1849
2031,1850
2032,1851
2033,1852
2034,1853
2035,1854
2036,1855
2037,1856
2038,1857
2039,1858
2040,1859
2041,1860
2042,1861
2043,1862
2044,1863
2045,1864
2046,1865
2047,1866
2048,1867
2049,1868
2050,1869
2051,1870
2052,1871
2053,1872
2054,1873
2055,1874
2056,1875
2057,1876
2058,1877
2059,1878
2060,1879
2061,1880
2062,1881
2063,1882
2064,1883
2065,1884
2066,1885
2067,1886
2068,1887
2069,1888
2070,1889
2071,1890
2072,1891
2073,1892
2074,1893
2075,1894
2076,1895
2077,1896
2078,1897
2079,1898
2080,1899
2081,1900
2082,1901
2083,1902
2084,1903
2085,1904
2086,1905
2087,1906
2088,1907
2089,1908
2090,1909
2091,1910
2092,1911
2093,1912
2094,1913
2095,1914
2096,1915
2097,1916
2098,1917
2099,1918
2100,1919
2101,1920
2102,1921
2103,1922
2104,1923
2105,1924
2106,1925
2107,1926
2108,1927
2109,1928
2110,1929
2111,1930
2112,1931
2113,1932
2114,1933
2115,1934
2116,1935
2117,1936
2118,1937
2119,1938
2120,1939
2121,1940
2122,1941
2123,1942
2124,1943
2125,1944
2126,1945
2127,1946
2128,1947
2129,1948
2130,1949
2131,1950
2132,1951
2133,1952
2134,1953
2135,1954
2136,1955
2137,1956
2138,1957
2139,1958
2140,1959
2141,1960
2142,1961
2143,1962
2144,1963
2145,1964
2146,1965
2147,1966
2148,1967
2149,1968
2150,1969
2151,1970
2152,1971
2153,1972
2154,1973
2155,1974
2156,1975
2157,1976
2158,1977
2159,1978
2160,1979
2161,1980
2162,1981
2163,1982
2164,1983
2165,1984
2166,1985
2167,1986
2168,1987
2169,1988
2170,1989
2171,1990
2172,1991
2173,1992
2174,1993
2175,1994
2176,1995
2177,1996
2178,1997
2179,1998
2180,1999
2181,2000
2182,2001
2183,2002
2184,2003
2185,2004
2186,2005
2187,2006
2188,2007
2189,2008
2190,2009
2191,2010
2192,2011
2193,2012
2194,2013
2195,2014
2196,2015
2197,2016
2198,2017
2199,2018
2200,2019
2201,2020
2202,2021
2203,2022
2204,2023
2205,2024
2206,2025
2207,2026
2208,2027
2209,2028
2210,2029
2211,2030
2212,2031
2213,2032
2214,2033
2215,2034
2216,2035
2217,2036
2218,2037
2219,2038
2220,2039
2221,2040
2222,2041
2223,2042
2224,2043
2225,2044
2226,2045
2227,2046
2228,2047
2229,2048
2230,2049
2231,2050
2232,2051
2233,2052
2234,2053
2235,2054
2236,2055
2237,2056
2238,2057
2239,2058
2240,2059
2241,2060
2242,2061
2243,2062
2244,2063
2245,2064
2246,2065
2247,2066
2248,2067
2249,2068
2250,2069
2251,2070
2252,2071
2253,2072
2254,2073
2255,2074
2256,2075
2257,2076
2258,2077
2259,2078
2260,2079
2261,2080
2262,2081
2263,2082
2264,2083
2265,2084
2266,2085
2267,2086
2268,2087
2269,2088
2270,2089
2271,2090
2272,2091
2273,2092
2274,2093
2275,2094
2276,2095
2277,2096
2278,2097
2279,2098
2280,2099
2281,2100
2282,2101
2283,2102
2284,2103
2285,2104
2286,2105
2287,2106
2288,2107
2289,2108
2290,2109
2291,2110
2292,2111
2293,2112
2294,2113
2295,2114
2296,2115
2297,2116
2298,2117
2299,2118
2300,2119
2301,2120
2302,2121
2303,2122
2304,2123
2305,2124
2306,2125
2307,2126
2308,2127
2309,2128
2310,2129
2311,2130
2312,2131
2313,2132
2314,2133
2315,2134
2316,2135
2317,2136
2318,2137
2319,2138
2320,2139
2321,2140
2322,2141
2323,2142
2324,2143
2325,2144
2326,2145
2327,2146
2328,2147
2329,2148
2330,2149
2331,2150
2332,2151
2333,2152
2334,2153
2335,2154
2336,2155
2337,2156
2338,2157
2339,2158
2340,2159
2341,2160
2342,2161
2343,2162
2344,2163
2345,2164
2346,2165
2347,2166
2348,2167
2349,2168
2350,2169
2351,2170
2352,2171
2353,2172
2354,2173
2355,2174
2356,2175
2357,2176
2358,2177
2359,2178
2360,2179
2361,2180
2362,2181
2363,2182
2364,2183
2365,2184
2366,2185
2367,2186
2368,2187
2369,2188
2370,2189
2371,2190
2372,2191
2373,2192
2374,2193
2375,2194
2376,2195
2377,2196
2378,2197
2379,2198
2380,2199
2381,2200
2382,2201
2383,2202
2384,2203
2385,2204
2386,2205
2387,2206
2388,2207
2389,2208
2390,2209
2391,2210
2392,2211
2393,2212
2394,2213
2395,2214
2396,2215
2397,2216
2398,2217
2399,2218
2400,2219
2401,2220
2402,2221
2403,2222
2404,2223
2405,2224
2406,2225
2407,2226
2408,2227
2409,2228
2410,2229
2411,2230
2412,2231
2413,2232
2414,2233
2415,2234
2416,2235
2417,2236
2418,2237
2419,2238
2420,2239
2421,2240
2422,2241
2423,2242
2424,2243
2425,2244
2426,2245
2427,2246
2428,2247
2429,2248
2430,2249
2431,2250
2432,2251
2433,2252
2434,2253
2435,2254
2436,2255
2437,2256
2438,2257
2439,2258
2440,2259
2441,2260
2442,2261
2443,2262
2444,2263
2445,2264
2446,2265
2447,2266
2448,2267
2449,2268
2450,2269
2451,2270
2452,2271
2453,2272
2454,2273
2455,2274
2456,2275
2457,2276
2458,2277
2459,2278
2460,2279
2461,2280
2462,2281
2463,2282
2464,2283
2465,2284
2466,2285
2467,2286
2468,2287
2469,2288
2470,2289
2471,2290
2472,2291
2473,2292
2474,2293
2475,2294
2476,2295
2477,2296
2478,2297
2479,2298
2480,2299
2481,2300
2482,2301
2483,2302
2484,2303
2485,2304
2486,2305
2487,2306
2488,2307
2489,2308
2490,2309
2491,2310
2492,2311
2493,2312
2494,2313
2495,2314
2496,2315
2497,2316
2498,2317
2499,2318
2500,2319
2501,2320
2502,2321
2503,2322
2504,2323
2505,2324
2506,2325
2507,2326
2508,2327
2509,2328
2510,2329
2511,2330
2512,2331
2513,2332
2514,2333
2515,2334
2516,2335
2517,2336
2518,2337
2519,2338
2520,2339
2521,2340
2522,2341
2523,2342
2524,2343
2525,2344
2526,2345
2527,2346
2528,2347
2529,2348
2530,2349
2531,2350
2532,2351
2533,2352
2534,2353
2535,2354
2536,2355
2537,2356
2538,2357
2539,2358
2540,2359
2541,2360
2542,2361
2543,2362
2544,2363
2545,2364
2546,2365
2547,2366
2548,2367
2549,2368
2550,2369
2551,2370
2552,2371
2553,2372
2554,2373
2555,2374
2556,2375
2557,2376
2558,2377
2559,2378
2560,2379
2561,2380
2562,2381
2563,2382
2564,2383
2565,2384
2566,2385
2567,2386
2568,2387
2569,2388
2570,2389
2571,2390
2572,2391
2573,2392
2574,2393
2575,2394
2576,2395
2577,2396
2578,2397
2579,2398
2580,2399
2581,2400
2582,2401
2583,2402
2584,2403
2585,2404
2586,2405
2587,2406
2588,2407
2589,2408
2590,2409
2591,2410
2592,2411
2593,2412
2594,2413
2595,2414
2596,2415
2597,2416
2598,2417
2599,2418
2600,2419
2601,2420
2602,2421
2603,2422
2604,2423
2605,2424
2606,2425
2607,2426
2608,2427
2609,2428
2610,2429
2611,2430
2612,2431
2613,2432
2614,2433
2615,2434
2616,2435
2617,2436
2618,2437
2619,2438
2620,2439
2621,2440
2622,2441
2623,2442
2624,2443
2625,2444
2626,2445
2627,2446
2628,2447
2629,2448
2630,2449
2631,2450
2632,2451
2633,2452
2634,2453
2635,2454
2636,2455
2637,2456
2638,2457
2639,2458
2640,2459
2641,2460
2642,2461
2643,2462
2644,2463
2645,2464
2646,2465
2647,2466
2648,2467
2649,2468
2650,2469
2651,2470
2652,2471
2653,2472
2654,2473
2655,2474
2656,2475
2657,2476
2658,2477
2659,2478
2660,2479
2661,2480
2662,2481
2663,2482
2664,2483
2665,2484
2666,2485
2667,2486
2668,2487
2669,2488
2670,2489
2671,2490
2672,2491
2673,2492
2674,2493
2675,2494
2676,2495
2677,2496
2678,2497
2679,2498
2680,2499
2681,2500
2682,2501
2683,2502
2684,2503
2685,2504
2686,2505
2687,2506
2688,2507
2689,2508
2690,2509
2691,2510
2692,2511
2693,2512
2694,2513
2695,2514
2696,2515
2697,2516
2698,2517
2699,2518
2700,2519
2701,2520
2702,2521
2703,2522
2704,2523
2705,2524
2706,2525
2707,2526
2708,2527
2709,2528
2710,2529
2711,2530
2712,2531
2713,2532
2714,2533
2715,2534
2716,2535
2717,2536
2718,2537
2719,2538
2720,2539
2721,2540
2722,2541
2723,2542
2724,2543
2725,2544
2726,2545
2727,2546
2728,2547
2729,2548
2730,2549
2731,2550
2732,2551
2733,2552
2734,2553
2735,2554
2736,2555
2737,2556
2738,2557
2739,2558
2740,2559
2741,2560
2742,2561
2743,2562
2744,2563
2745,2564
2746,2565
2747,2566
2748,2567
2749,2568
2750,2569
2751,2570
2752,2571
2753,2572
2754,2573
2755,2574
2756,2575
2757,2576
2758,2577
2759,2578
2760,2579
2761,2580
2762,2581
2763,2582
2764,2583
2765,2584
2766,2585
2767,2586
2768,2587
2769,2588
2770,2589
2771,2590
2772,2591
2773,2592
2774,2593
2775,2594
2776,2595
2777,2596
2778,2597
2779,2598
2780,2599
2781,2600
2782,2601
2783,2602
2784,2603
2785,2604
2786,2605
2787,2606
2788,2607
2789,2608
2790,2609
2791,2610
2792,2611
2793,2612
2794,2613
2795,2614
2796,2615
2797,2616
2798,2617
2799,2618
2800,2619
2801,2620
2802,2621
2803,2622
2804,2623
2805,2624
2806,2625
2807,2626
2808,2627
2809,2628
2810,2629
2811,2630
2812,2631
2813,2632
2814,2633
2815,2634
2816,2635
2817,2636
2818,2637
2819,2638
2820,2639
2821,2640
2822,2641
2823,2642
2824,2643
2825,2644
2826,2645
2827,2646
2828,2647
2829,2648
2830,2649
2831,2650
2832,2651
2833,2652
2834,2653
2835,2654
2836,2655
2837,2656
2838,2657
2839,2658
2840,2659
2841,2660
2842,2661
2843,2662
2844,2663
2845,2664
2846,2665
2847,2666
2848,2667
2849,2668
2850,2669
2851,2670
2852,2671
2853,2672
2854,2673
2855,2674
2856,2675
2857,2676
2858,2677
2859,2678
2860,2679
2861,2680
2862,2681
2863,2682
2864,2683
2865,2684
2866,2685
2867,2686
2868,2687
2869,2688
2870,2689
2871,2690
2872,2691
2873,2692
2874,2693
2875,2694
2876,2695
2877,2696
2878,2697
2879,2698
2880,2699
2881,2700
2882,2701
2883,2702
2884,2703
2885,2704
2886,2705
2887,2706
2888,2707
2889,2708
2890,2709
2891,2710
2892,2711
2893,2712
2894,2713
2895,2714
2896,2715
2897,2716
2898,2717
2899,2718
2900,2719
2901,2720
2902,2721
2903,2722
2904,2723
2905,2724
2906,2725
2907,2726
2908,2727
2909,2728
2910,2729
2911,2730
2912,2731
2913,2732
2914,2733
2915,2734
2916,2735
2917,2736
2918,2737
2919,2738
2920,2739
2921,2740
2922,2741
2923,2742
2924,2743
2925,2744
2926,2745
2927,2746
2928,2747
2929,2748
2930,2749
2931,2750
2932,2751
2933,2752
2934,2753
2935,2754
2936,2755
2937,2756
2938,2757
2939,2758
2940,2759
2941,2760
2942,2761
2943,2762
2944,2763
2945,2764
2946,2765
2947,2766
2948,2767
2949,2768
2950,2769
2951,2770
2952,2771
2953,2772
2954,2773
2955,2774
2956,2775
2957,2776
2958,2777
2959,2778
2960,2779
2961,2780
2962,2781
2963,2782
2964,2783
2965,2784
2966,2785
2967,2786
2968,2787
2969,2788
2970,2789
2971,2790
2972,2791
2973,2792
2974,2793
2975,2794
2976,2795
2977,2796
2978,2797
2979,2798
2980,2799
2981,2800
2982,2801
2983,2802
2984,2803
2985,2804
2986,2805
2987,2806
2988,2807
2989,2808
2990,2809
2991,2810
2992,2811
2993,2812
2994,2813
2995,2814
2996,2815
2997,2816
2998,2817
2999,2818
3000,2819
3001,2820
3002,2821
3003,2822
3004,2823
3005,2824
3006,2825
3007,2826
3008,2827
3009,2828
3010,2829
3011,2830
3012,2831
3013,2832
3014,2833
3015,2834
3016,2835
3017,2836
3018,2837
3019,2838
3020,2839
3021,2840
3022,2841
3023,2842
3024,2843
3025,2844
3026,2845
3027,2846
3028,2847
3029,2848
3030,2849
3031,2850
3032,2851
3033,2852
3034,2853
3035,2854
3036,2855
3037,2856
3038,2857
3039,2858
3040,2859
3041,2860
3042,2861
3043,2862
3044,2863
3045,2864
3046,2865
3047,2866
3048,2867
3049,2868
3050,2869
3051,2870
3052,2871
3053,2872
3054,2873
3055,2874
3056,2875
3057,2876
3058,2877
3059,2878
3060,2879
3061,2880
3062,2881
3063,2882
3064,2883
3065,2884
3066,2885
3067,2886
3068,2887
3069,2888
3070,2889
3071,2890
3072,2891
3073,2892
3074,2893
3075,2894
3076,2895
3077,2896
3078,2897
3079,2898
3080,2899
3081,2900
3082,2901
3083,2902
3084,2903
3085,2904
3086,2905
3087,2906
3088,2907
3089,2908
3090,2909
3091,2910
3092,2911
3093,2912
3094,2913
3095,2914
3096,2915
3097,2916
3098,2917
3099,2918
3100,2919
3101,2920
3102,2921
3103,2922
3104,2923
3105,2924
3106,2925
3107,2926
3108,2927
3109,2928
3110,2929
3111,2930
3112,2931
3113,2932
3114,2933
3115,2934
3116,2935
3117,2936
3118,2937
3119,2938
3120,2939
3121,2940
3122,2941
3123,2942
3124,2943
3125,2944
3126,2945
3127,2946
3128,2947
3129,2948
3130,2949
3131,2950
3132,2951
3133,2952
3134,2953
3135,2954
3136,2955
3137,2956
3138,2957
3139,2958
3140,2959
3141,2960
3142,2961
3143,2962
3144,2963
3145,2964
3146,2965
3147,2966
3148,2967
3149,2968
3150,2969
3151,2970
3152,2971
3153,2972
3154,2973
3155,2974
3156,2975
3157,2976
3158,2977
3159,2978
3160,2979
3161,2980
3162,2981
3163,2982
3164,2983
3165,2984
3166,2985
3167,2986
3168,2987
3169,2988
3170,2989
3171,2990
3172,2991
3173,2992
3174,2993
3175,2994
3176,2995
3177,2996
3178,2997
3179,2998
3180,2999
3181,3000
3182,3001
3183,3002
3184,3003
3185,3004
3186,3005
3187,3006
3188,3007
3189,3008
3190,3009
3191,3010
3192,3011
3193,3012
3194,3013
3195,3014
3196,3015
3197,3016
3198,3017
3199,3018
3200,3019
3201,3020
3202,3021
3203,3022
3204,3023
3205,3024
3206,3025
3207,3026
3208,3027
3209,3028
3210,3029
3211,3030
3212,3031
3213,3032
3214,3033
3215,3034
3216,3035
3217,3036
3218,3037
3219,3038
3220,3039
3221,3040
3222,3041
3223,3042
3224,3043
3225,3044
3226,3045
3227,3046
3228,3047
3229,3048
3230,3049
3231,3050
3232,3051
3233,3052
3234,3053
3235,3054
3236,3055
3237,3056
3238,3057
3239,3058
3240,3059
3241,3060
3242,3061
3243,3062
3244,3063
3245,3064
3246,3065
3247,3066
3248,3067
3249,3068
3250,3069
3251,3070
3252,3071
3253,3072
3254,3073
3255,3074
3256,3075
3257,3076
3258,3077
3259,3078
3260,3079
3261,3080
3262,3081
3263,3082
3264,3083
3265,3084
3266,3085
3267,3086
3268,3087
3269,3088
3270,3089
3271,3090
3272,3091
3273,3092
3274,3093
3275,3094
3276,3095
3277,3096
3278,3097
3279,3098
3280,3099
3281,3100
3282,3101
3283,3102
3284,3103
3285,3104
3286,3105
3287,3106
3288,3107
3289,3108
3290,3109
3291,3110
3292,3111
3293,3112
3294,3113
3295,3114
3296,3115
3297,3116
3298,3117
3299,3118
3300,3119
3301,3120
3302,3121
3303,3122
3304,3123
3305,3124
3306,3125
3307,3126
3308,3127
3309,3128
3310,3129
3311,3130
3312,3131
3313,3132
3314,3133
3315,3134
3316,3135
3317,3136
3318,3137
3319,3138
3320,3139
3321,3140
3322,3141
3323,3142
3324,3143
3325,3144
3326,3145
3327,3146
3328,3147
3329,3148
3330,3149
3331,3150
3332,3151
3333,3152
3334,3153
3335,3154
3336,3155
3337,3156
3338,3157
3339,3158
3340,3159
3341,3160
3342,3161
3343,3162
3344,3163
3345,3164
3346,3165
3347,3166
3348,3167
3349,3168
3350,3169
3351,3170
3352,3171
3353,3172
3354,3173
3355,3174
3356,3175
3357,3176
3358,3177
3359,3178
3360,3179
3361,3180
3362,3181
3363,3182
3364,3183
3365,3184
3366,3185
3367,3186
3368,3187
3369,3188
3370,3189
3371,3190
3372,3191
3373,3192
3374,3193
3375,3194
3376,3195
3377,3196
3378,3197
3379,3198
3380,3199
3381,3200
3382,3201
3383,3202
3384,3203
3385,3204
3386,3205
3387,3206
3388,3207
3389,3208
3390,3209
3391,3210
3392,3211
3393,3212
3394,3213
3395,3214
3396,3215
3397,3216
3398,3217
3399,3218
3400,3219
3401,3220
3402,3221
3403,3222
3404,3223
3405,3224
3406,3225
3407,3226
3408,3227
3409,3228
3410,3229
3411,3230
3412,3231
3413,3232
3414,3233
3415,3234
3416,3235
3417,3236
3418,3237
3419,3238
3420,3239
3421,3240
3422,3241
3423,3242
3424,3243
3425,3244
3426,3245
3427,3246
3428,3247
3429,3248
3430,3249
3431,3250
3432,3251
3433,3252
3434,3253
3435,3254
3436,3255
3437,3256
3438,3257
3439,3258
3440,3259
3441,3260
3442,3261
3443,3262
3444,3263
3445,3264
3446,3265
3447,3266
3448,3267
3449,3268
3450,3268
3451,3269
3452,3270
3453,3271
3454,3272
3455,3273
3456,3274
3457,3275
3458,3276
3459,3277
3460,3278
3461,3279
3462,3280
3463,3281
3464,3282
3465,3283
3466,3284
3467,3285
3468,3286
3469,3287
3470,3288
3471,3289
3472,3290
3473,3291
3474,3292
3475,3293
3476,3294
3477,3295
3478,3296
3479,3297
3480,3298
3481,3299
3482,3300
3483,3301
3484,3302
3485,3303
3486,3304
3487,3305
3488,3306
3489,3307
3490,3308
3491,3309
3492,3310
3493,3311
3494,3312
3495,3313
3496,3314
3497,3315
3498,3316
3499,3317
3500,3318
3501,3319
3502,3320
3503,3321
3504,3322
3505,3323
3506,3324
3507,3325
3508,3326
3509,3327
3510,3328
3511,3329
3512,3330
3513,3331
3514,3332
3515,3333
3516,3334
3517,3335
3518,3336
3519,3337
3520,3338
3521,3339
3522,3340
3523,3341
3524,3342
3525,3343
3526,3344
3527,3345
3528,3346
3529,3347
3530,3348
3531,3349
3532,3350
3533,3351
3534,3352
3535,3353
3536,3354
3537,3355
3538,3356
3539,3357
3540,3358
3541,3359
3542,3360
3543,3361
3544,3362
3545,3363
3546,3364
3547,3365
3548,3366
3549,3367
3550,3368
3551,3369
3552,3370
3553,3371
3554,3372
3555,3373
3556,3374
3557,3375
3558,3376
3559,3377
3560,3378
3561,3379
3562,3380
3563,3381
3564,3382
3565,3383
3566,3384
3567,3385
3568,3386
3569,3387
3570,3388
3571,3389
3572,3390
3573,3391
3574,3392
3575,3393
3576,3394
3577,3395
3578,3396
3579,3397
3580,3398
3581,3399
3582,3400
3583,3401
3584,3402
3585,3403
3586,3404
3587,3405
3588,3406
3589,3407
3590,3408
3591,3409
3592,3410
3593,3411
3594,3412
3595,3413
3596,3414
3597,3415
3598,3416
3599,3417
3600,3418
3601,3419
3602,3420
3603,3421
3604,3422
3605,3423
3606,3424
3607,3425
3608,3426
3609,3427
3610,3428
3611,3429
3612,3430
3613,3431
3614,3432
3615,3433
3616,3434
3617,3435
3618,3436
3619,3437
3620,3438
3621,3439
3622,3440
3623,3441
3624,3442
3625,3443
3626,3444
3627,3445
3628,3446
3629,3447
3630,3448
3631,3449
3632,3450
3633,3451
3634,3452
3635,3453
3636,3454
3637,3455
3638,3456
3639,3457
3640,3458
3641,3459
3642,3460
3643,3461
3644,3462
3645,3463
3646,3464
3647,3465
3648,3466
3649,3467
3650,3468
3651,3469
3652,3470
3653,3471
3654,3472
3655,3473
3656,3474
3657,3475
3658,3476
3659,3477
3660,3478
3661,3479
3662,3480
3663,3481
3664,3482
3665,3483
3666,3484
3667,3485
3668,3486
3669,3487
3670,3488
3671,3489
3672,3490
3673,3491
3674,3492
3675,3493
3676,3494
3677,3495
3678,3496
3679,3497
3680,3498
3681,3499
3682,3500
3683,3501
3684,3502
3685,3503
3686,3504
3687,3505
3688,3506
3689,3507
3690,3508
3691,3509
3692,3510
3693,3511
3694,3512
3695,3513
3696,3514
3697,3515
3698,3516
3699,3517
3700,3518
3701,3519
3702,3520
3703,3521
3704,3522
3705,3523
3706,3524
3707,3525
3708,3526
3709,3527
3710,3528
3711,3529
3712,3530
3713,3531
3714,3532
3715,3533
3716,3534
3717,3535
3718,3536
3719,3537
3720,3538
3721,3539
3722,3540
3723,3541
3724,3542
3725,3543
3726,3544
3727,3545
3728,3546
3729,3547
3730,3548
3731,3549
3732,3550
3733,3551
3734,3552
3735,3553
3736,3554
3737,3555
3738,3556
3739,3557
3740,3558
3741,3559
3742,3560
3743,3561
3744,3562
3745,3563
3746,3564
3747,3565
3748,3566
3749,3567
3750,3568
3751,3569
3752,3570
3753,3571
3754,3572
3755,3573
3756,3574
3757,3575
3758,3576
3759,3577
3760,3578
3761,3579
3762,3580
3763,3581
3764,3582
3765,3583
3766,3584
3767,3585
3768,3586
3769,3587
3770,3588
3771,3589
3772,3590
3773,3591
3774,3592
3775,3593
3776,3594
3777,3595
3778,3596
3779,3597
3780,3598
3781,3599
3782,3600
3783,3601
3784,3602
3785,3603
3786,3604
3787,3605
3788,3606
3789,3607
3790,3608
3791,3609
3792,3610
3793,3611
3794,3612
3795,3613
3796,3614
3797,3615
3798,3616
3799,3617
3800,3618
3801,3619
3802,3620
3803,3621
3804,3622
3805,3623
3806,3624
3807,3625
3808,3626
3809,3627
3810,3628
3811,3629
3812,3630
3813,3631
3814,3632
3815,3633
3816,3634
3817,3635
3818,3636
3819,3637
3820,3638
3821,3639
3822,3640
3823,3641
3824,3642
3825,3643
3826,3644
3827,3645
3828,3646
3829,3647
3830,3648
3831,3649
3832,3650
3833,3651
3834,3652
3835,3653
3836,3654
3837,3655
3838,3656
3839,3657
3840,3658
3841,3659
3842,3660
3843,3661
3844,3662
3845,3663
3846,3664
3847,3665
3848,3666
3849,3667
3850,3668
3851,3669
3852,3670
3853,3671
3854,3672
3855,3673
3856,3674
3857,3675
3858,3676
3859,3677
3860,3678
3861,3679
3862,3680
3863,3681
3864,3682
3865,3683
3866,3684
3867,3685
3868,3686
3869,3687
3870,3688
3871,3689
3872,3690
3873,3691
3874,3692
3875,3693
3876,3694
3877,3695
3878,3696
3879,3697
3880,3698
3881,3699
3882,3700
3883,3701
3884,3702
3885,3703
3886,3704
3887,3705
3888,3706
3889,3707
3890,3708
3891,3709
3892,3710
3893,3711
3894,3712
3895,3713
3896,3714
3897,3715
3898,3716
3899,3717
3900,3718
3901,3719
3902,3720
3903,3721
3904,3722
3905,3723
3906,3724
3907,3725
3908,3726
3909,3727
3910,3728
3911,3729
3912,3730
3913,3731
3914,3732
3915,3733
3916,3734
3917,3735
3918,3736
3919,3737
3920,3738
3921,3739
3922,3740
3923,3741
3924,3742
3925,3743
3926,3744
3927,3745
3928,3746
3929,3747
3930,3748
3931,3749
3932,3750
3933,3751
3934,3752
3935,3753
3936,3754
3937,3755
3938,3756
3939,3757
3940,3758
3941,3759
3942,3760
3943,3761
3944,3762
3945,3763
3946,3764
3947,3765
3948,3766
3949,3767
3950,3768
3951,3769
3952,3770
3953,3771
3954,3772
3955,3773
3956,3774
3957,3775
3958,3776
3959,3777
3960,3778
3961,3779
3962,3780
3963,3781
3964,3782
3965,3783
3966,3784
3967,3785
3968,3786
3969,3787
3970,3788
3971,3789
3972,3790
3973,3791
3974,3792
3975,3793
3976,3794
3977,3795
3978,3796
3979,3797
3980,3798
3981,3799
3982,3800
3983,3801
3984,3802
3985,3803
3986,3804
3987,3805
3988,3806
3989,3807
3990,3808
3991,3809
3992,3810
3993,3811
3994,3812
3995,3813
3996,3814
3997,3815
3998,3816
3999,3817
4000,3818
4001,3819
4002,3820
4003,3821
4004,3822
4005,3823
4006,3824
4007,3825
4008,3826
4009,3827
4010,3828
4011,3829
4012,3830
4013,3831
4014,3832
4015,3833
4016,3834
4017,3835
4018,3836
4019,3837
4020,3838
4021,3839
4022,3840
4023,3841
4024,3842
4025,3843
4026,3844
4027,3845
4028,3846
4029,3847
4030,3848
4031,3849
4032,3850
4033,3851
4034,3852
4035,3853
4036,3854
4037,3855
4038,3856
4039,3857
4040,3858
4041,3859
4042,3860
4043,3861
4044,3862
4045,3863
4046,3864
4047,3865
4048,3866
4049,3867
4050,3868
4051,3869
4052,3870
4053,3871
4054,3872
4055,3873
4056,3874
4057,3875
4058,3876
4059,3877
4060,3878
4061,3879
4062,3880
4063,3881
4064,3882
4065,3883
4066,3884
4067,3885
4068,3886
4069,3887
4070,3888
4071,3889
4072,3890
4073,3891
4074,3892
4075,3893
4076,3894
4077,3895
4078,3896
4079,3897
4080,3898
4081,3899
4082,3900
4083,3901
4084,3902
4085,3903
4086,3904
4087,3905
4088,3906
4089,3907
4090,3908
4091,3909
4092,3910
4093,3911
4094,3912
4095,3913
4096,3914
4097,3915
4098,3916
4099,3917
4100,3918
4101,3919
4102,3920
4103,3921
4104,3922
4105,3923
4106,3924
4107,3925
4108,3926
4109,3927
4110,3928
4111,3929
4112,3930
4113,3931
4114,3932
4115,3933
4116,3934
4117,3935
4118,3936
4119,3937
4120,3938
4121,3939
4122,3940
4123,3941
4124,3942
4125,3943
4126,3944
4127,3945
4128,3946
4129,3947
4130,3948
4131,3949
4132,3950
4133,3951
4134,3952
4135,3953
4136,3954
4137,3955
4138,3956
4139,3957
4140,3958
4141,3959
4142,3960
4143,3961
4144,3962
4145,3963
4146,3964
4147,3965
4148,3966
4149,3967
4150,3968
4151,3969
4152,3970
4153,3971
4154,3972
4155,3973
4156,3974
4157,3975
4158,3976
4159,3977
4160,3978
4161,3979
4162,3980
4163,3981
4164,3982
4165,3983
4166,3984
4167,3985
4168,3986
4169,3987
4170,3988
4171,3989
4172,3990
4173,3991
4174,3992
4175,3993
4176,3994
4177,3995
4178,3996
4179,3997
4180,3998
4181,3999
4182,4000
4183,4001
4184,4002
4185,4003
4186,4004
4187,4005
4188,4006
4189,4007
4190,4008
4191,4009
4192,4010
4193,4011
4194,4012
4195,4013
4196,4014
4197,4015
4198,4016
4199,4017
4200,4018
4201,4019
4202,4020
4203,4021
4204,4022
4205,4023
4206,4024
4207,4025
4208,4026
4209,4027
4210,4028
4211,4029
4212,4030
4213,4031
4214,4032
4215,4033
4216,4034
4217,4035
4218,4036
4219,4037
4220,4038
4221,4039
4222,4040
4223,4041
4224,4042
4225,4043
4226,4044
4227,4045
4228,4046
4229,4047
4230,4048
4231,4049
4232,4050
4233,4051
4234,4052
4235,4053
4236,4054
4237,4055
4238,4056
4239,4057
4240,4058
4241,4059
4242,4060
4243,4061
4244,4062
4245,4063
4246,4064
4247,4065
4248,4066
4249,4067
4250,4068
4251,4069
4252,4070
4253,4071
4254,4072
4255,4073
4256,4074
4257,4075
4258,4076
4259,4077
4260,4078
4261,4079
4262,4080
4263,4081
4264,4082
4265,4083
4266,4084
4267,4085
4268,4086
4269,4087
4270,4088
4271,4089
4272,4090
4273,4091
4274,4092
4275,4093
4276,4094
4277,4095
4278,4096
4279,4097
4280,4098
4281,4099
4282,4100
4283,4101
4284,4102
4285,4103
4286,4104
4287,4105
4288,4106
4289,4107
4290,4108
4291,4109
4292,4110
4293,4111
4294,4112
4295,4113
4296,4114
4297,4115
4298,4116
4299,4117
4300,4118
4301,4119
4302,4120
4303,4121
4304,4122
4305,4123
4306,4124
4307,4125
4308,4126
4309,4127
4310,4128
4311,4129
4312,4130
4313,4131
4314,4132
4315,4133
4316,4134
4317,4135
4318,4136
4319,4137
4320,4138
4321,4139
4322,4140
4323,4141
4324,4142
4325,4143
4326,4144
4327,4145
4328,4146
4329,4147
4330,4148
4331,4149
4332,4150
4333,4151
4334,4152
4335,4153
4336,4154
4337,4155
4338,4156
4339,4157
4340,4158
4341,4159
4342,4160
4343,4161
4344,4162
4345,4163
4346,4164
4347,4165
4348,4166
4349,4167
4350,4168
4351,4169
4352,4170
4353,4171
4354,4172
4355,4173
4356,4174
4357,4175
4358,4176
4359,4177
4360,4178
4361,4179
4362,4180
4363,4181
4364,4182
4365,4183
4366,4184
4367,4185
4368,4186
4369,4187
4370,4188
4371,4189
4372,4190
4373,4191
4374,4192
4375,4193
4376,4194
4377,4195
4378,4196
4379,4197
4380,4198
4381,4199
4382,4200
4383,4201
4384,4202
4385,4203
4386,4204
4387,4205
4388,4206
4389,4207
4390,4208
4391,4209
4392,4210
4393,4211
4394,4212
4395,4213
4396,4214
4397,4215
4398,4216
4399,4217
4400,4218
4401,4219
4402,4220
4403,4221
4404,4222
4405,4223
4406,4224
4407,4225
4408,4226
4409,4227
4410,4228
4411,4229
4412,4230
4413,4231
4414,4232
4415,4233
4416,4234
4417,4235
4418,4236
4419,4237
4420,4238
4421,4239
4422,4240
4423,4241
4424,4242
4425,4243
4426,4244
4427,4245
4428,4246
4429,4247
4430,4248
4431,4249
4432,4250
4433,4251
4434,4252
4435,4253
4436,4254
4437,4255
4438,4256
4439,4257
4440,4258
4441,4259
4442,4260
4443,4261
4444,4262
4445,4263
4446,4264
4447,4265
4448,4266
4449,4267
4450,4268
4451,4269
4452,4270
4453,4271
4454,4272
4455,4273
4456,4274
4457,4275
4458,4276
4459,4277
4460,4278
4461,4279
4462,4280
4463,4281
4464,4282
4465,4283
4466,4284
4467,4285
4468,4286
4469,4287
4470,4288
4471,4289
4472,4290
4473,4291
4474,4292
4475,4293
4476,4294
4477,4295
4478,4296
4479,4297
4480,4298
4481,4299
4482,4300
4483,4301
4484,4302
4485,4303
4486,4304
4487,4305
4488,4306
4489,4307
4490,4308
4491,4309
4492,4310
4493,4311
4494,4312
4495,4313
4496,4314
4497,4315
4498,4316
4499,4317
4500,4318
4501,4319
4502,4320
4503,4321
4504,4322
4505,4323
4506,4324
4507,4325
4508,4326
4509,4327
4510,4328
4511,4329
4512,4330
4513,4331
4514,4332
4515,4333
4516,4334
4517,4335
4518,4336
4519,4337
4520,4338
4521,4339
4522,4340
4523,4341
4524,4342
4525,4343
4526,4344
4527,4345
4528,4346
4529,4347
4530,4348
4531,4349
4532,4350
4533,4351
4534,4352
4535,4353
4536,4354
4537,4355
4538,4356
4539,4357
4540,4358
4541,4359
4542,4360
4543,4361
4544,4362
4545,4363
4546,4364
4547,4365
4548,4366
4549,4367
4550,4368
4551,4369
4552,4370
4553,4371
4554,4372
4555,4373
4556,4374
4557,4375
4558,4376
4559,4377
4560,4378
4561,4379
4562,4380
4563,4381
4564,4382
4565,4383
4566,4384
4567,4385
4568,4386
4569,4387
4570,4388
4571,4389
4572,4390
4573,4391
4574,4392
4575,4393
4576,4394
4577,4395
4578,4396
4579,4397
4580,4398
4581,4399
4582,4400
4583,4401
4584,4402
4585,4403
4586,4404
4587,4405
4588,4406
4589,4407
4590,4408
4591,4409
4592,4410
4593,4411
4594,4412
4595,4413
4596,4414
4597,4415
4598,4416
4599,4417
4600,4418
4601,4419
4602,4420
4603,4421
4604,4422
4605,4423
4606,4424
4607,4425
4608,4426
4609,4427
4610,4428
4611,4429
4612,4430
4613,4431
4614,4432
4615,4433
4616,4434
4617,4435
4618,4436
4619,4437
4620,4438
4621,4439
4622,4440
4623,4441
4624,4442
4625,4443
4626,4444
4627,4445
4628,4446
4629,4447
4630,4448
4631,4449
4632,4450
4633,4451
4634,4452
4635,4453
4636,4454
4637,4455
4638,4456
4639,4457
4640,4458
4641,4459
4642,4460
4643,4461
4644,4462
4645,4463
4646,4464
4647,4465
4648,4466
4649,4467
4650,4468
4651,4469
4652,4470
4653,4471
4654,4472
4655,4473
4656,4474
4657,4475
4658,4476
4659,4477
4660,4478
4661,4479
4662,4480
4663,4481
4664,4482
4665,4483
4666,4484
4667,4485
4668,4486
4669,4487
4670,4488
4671,4489
4672,4490
4673,4491
4674,4492
4675,4493
4676,4494
4677,4495
4678,4496
4679,4497
4680,4498
4681,4499
4682,4500
4683,4501
4684,4502
4685,4503
4686,4504
4687,4505
4688,4506
4689,4507
4690,4508
4691,4509
4692,4510
4693,4511
4694,4512
4695,4513
4696,4514
4697,4515
4698,4516
4699,4517
4700,4518
4701,4519
4702,4520
4703,4521
4704,4522
4705,4523
4706,4524
4707,4525
4708,4526
4709,4527
4710,4528
4711,4529
4712,4530
4713,4531
4714,4532
4715,4533
4716,4534
4717,4535
4718,4536
4719,4537
4720,4538
4721,4539
4722,4540
4723,4541
4724,4542
4725,4543
4726,4544
4727,4545
4728,4546
4729,4547
4730,4548
4731,4549
4732,4550
4733,4551
4734,4552
4735,4553
4736,4554
4737,4555
4738,4556
4739,4557
4740,4558
4741,4559
4742,4560
4743,4561
4744,4562
4745,4563
4746,4564
4747,4565
4748,4566
4749,4567
4750,4568
4751,4569
4752,4570
4753,4571
4754,4572
4755,4573
4756,4574
4757,4575
4758,4576
4759,4577
4760,4578
4761,4579
4762,4580
4763,4581
4764,4582
4765,4583
4766,4584
4767,4585
4768,4586
4769,4587
4770,4588
4771,4589
4772,4590
4773,4591
4774,4592
4775,4593
4776,4594
4777,4595
4778,4596
4779,4597
4780,4598
4781,4599
4782,4600
4783,4601
4784,4602
4785,4603
4786,4604
4787,4605
4788,4606
4789,4607
4790,4608
4791,4609
4792,4610
4793,4611
4794,4612
4795,4613
4796,4614
4797,4615
4798,4616
4799,4617
4800,4618
4801,4619
4802,4620
4803,4621
4804,4622
4805,4623
4806,4624
4807,4625
4808,4626
4809,4627
4810,4628
4811,4629
4812,4630
4813,4631
4814,4632
4815,4633
4816,4634
4817,4635
4818,4636
4819,4637
4820,4638
4821,4639
4822,4640
4823,4641
4824,4642
4825,4643
4826,4644
4827,4645
4828,4646
4829,4647
4830,4648
4831,4649
4832,4650
4833,4651
4834,4652
4835,4653
4836,4654
4837,4655
4838,4656
4839,4657
4840,4658
4841,4659
4842,4660
4843,4661
4844,4662
4845,4663
4846,4664
4847,4665
4848,4666
4849,4667
4850,4668
4851,4669
4852,4670
4853,4671
4854,4672
4855,4673
4856,4674
4857,4675
4858,4676
4859,4677
4860,4678
4861,4679
4862,4680
4863,4681
4864,4682
4865,4683
4866,4684
4867,4685
4868,4686
4869,4687
4870,4688
4871,4689
4872,4690
4873,4691
4874,4692
4875,4693
4876,4694
4877,4695
4878,4696
4879,4697
4880,4698
4881,4699
4882,4700
4883,4701
4884,4702
4885,4703
4886,4704
4887,4705
4888,4706
4889,4707
4890,4708
4891,4709
4892,4710
4893,4711
4894,4712
4895,4713
4896,4714
4897,4715
4898,4716
4899,4717
4900,4718
4901,4719
4902,4720
4903,4721
4904,4722
4905,4723
4906,4724
4907,4725
4908,4726
4909,4727
4910,4728
4911,4729
4912,4730
4913,4731
4914,4732
4915,4733
4916,4734
4917,4735
4918,4736
4919,4737
4920,4738
4921,4739
4922,4740
4923,4741
4924,4742
4925,4743
4926,4744
4927,4745
4928,4746
4929,4747
4930,4748
4931,4749
4932,4750
4933,4751
4934,4752
4935,4753
4936,4754
4937,4755
4938,4756
4939,4757
4940,4758
4941,4759
4942,4760
4943,4761
4944,4762
4945,4763
4946,4764
4947,4765
4948,4766
4949,4767
4950,4768
4951,4769
4952,4770
4953,4771
4954,4772
4955,4773
4956,4774
4957,4775
4958,4776
4959,4777
4960,4778
4961,4779
4962,4780
4963,4781
4964,4782
4965,4783
4966,4784
4967,4785
4968,4786
4969,4787
4970,4788
4971,4789
4972,4790
4973,4791
4974,4792
4975,4793
4976,4794
4977,4795
4978,4796
4979,4797
4980,4798
4981,4799
4982,4800
4983,4801
4984,4802
4985,4803
4986,4804
4987,4805
4988,4806
4989,4807
4990,4808
4991,4809
4992,4810
4993,4811
4994,4812
4995,4813
4996,4814
4997,4815
4998,4816
4999,4817
